prompt,title,feature_aderencia_tema
21,A greve dos caminhoneiros e a malha ferroviária,0.47689048095449543
23,"Vossa excelência  Senador M. M.,",0.5986646313844916
39,A validade do impeachment,0.6733232223144511
26,Podemos perceber que a sociedade brasileira,0.5264150775643748
4,Comenta-se que o ex-presidente Lula,0.5807247904808085
25,Procura-se tolerância,0.5196692426436924
25,Terapia de Reversão da Orientação Sexual (3),0.5245257508701255
16,Remédio para a falta de responsabilidade,0.4055372454841468
18,Direitos humanos para quem?,0.6940922316630904
6,"Amazonas, um bem de todos nós",0.3236394716536104
34,Geração Eu,0.4042737824126046
12,A importância do patriotismo,0.5213662397577481
11,Transtorno climático na Rússia,0.3846466010886235
42,Comprometimento Escolar e Individual,0.35008441105000554
3,O avanço da tecnologia,0.47300482783357195
6,Pulmões limpos e estômagos vazios.,0.6196289555802736
15,Efeitos da globalização nos hábitos alimentares,0.640339841600461
24,As Consequências da Lei,0.6145311767644391
8,A pós-verdade face aos dogmas da Ciência,0.5351147839873077
27,"Prezado redator do UOL,",0.4628090683967918
28,O brasileiro e seus partidos,0.5621962462956722
3,Mundo moderno e suas tecnologias,0.5615963393372922
29,"O possível fim, após quase três décadas",0.36323250031859994
40,Relação beleza e saúde,0.5516441487554614
37,A cultura do estupro e a objetificação da mulher,0.606694889407629
35,Militância partidária,0.5405039665363408
19,Os Titãs são um grupo musical,0.46631261746894276
35,A partir dos 16 anos todos os jovens tem o direito de votar,0.46546253265987847
27,A argumentação brasileira,0.5209977369243086
1,Tempos de IA,0.5352472386694301
4,Não ao aumento da impunidade,0.558038855191306
34,"Espelho, espelho meu",0.4267728239664389
34,(Sem título 098),0.4817583169158085
10,Fatores mais importantes para vencer na vida,0.2769735624590007
30,O outro lado da moeda,0.3831416935234175
4,Assunto que repercute de forma constante,0.38829996682475176
33,Corpo em movimento,0.2564201459579553
13,Um tiro no pé,0.6628481740345998
18,Direitos Humanos é  para todos os humanos?,0.6527655868595311
16,A onda democrática,0.4049984212218487
35,"Uni, Duni, Tê",0.4799633868969727
25,Preconceito ainda é evidente,0.3719715688137697
35,O professor doutrina?,0.5014996987337836
30,Virtualidade em excesso,0.47680361238560204
26,Valores invertidos,0.512785414848204
37,Chega de fiu-fiu,0.570056246871232
3,(In)revolução pós-humana,0.5461612511708152
28,O poder do povo,0.542359788449408
18,Direitos humanos ou impunidade criminal,0.5664880553901462
11,Mudanças ambientais e sociais,0.44647218119990323
42,(Sem título 082),0.42732769664698944
9,Em busca dos seus direitos,0.3323124015108059
36,Liberdade! Liberdade! Abre as asas sobre nós,0.6385796011295085
25,História da Sexualidade,0.43167670270387665
35,Escola Sem Senso Crítico,0.4701731055547201
15,O sobrepeso e seus males,0.51477519366624
2,União entre o órgão público e a opinião pública,0.6360356979118885
2,A lacuna entre sociedade e o governo,0.634411490164688
11,Desastre ambiental (abril 2019),0.5434247279657665
8,Ciência que impulsiona,0.45610118861355936
42,(Sem título 084),0.6459301248521256
24,"Em 1920, nos Estados Unidos",0.5116627060612031
36,Um passado que reflete o presente,0.5444545415999326
37,Medo x Proteção,0.3629326282040513
24,A política proibicionista por trás do combate ao tráfico de drogas,0.661945619018925
42,Determinação,0.44824339850515693
15,A propaganda e o excesso de peso,0.5202865139854348
36,Um fenômeno comum entre países ricos e pobres,0.39491510250958134
15,Um risco de vida,0.4827650799936866
39,(Sem título 094),0.4182953144998054
38,A Liberação da Fosfoetanolamina,0.5414165001798331
32,Liberdade de expressão e intimidade/limites pessoais.,0.5939404878739142
41,Escola militar!,0.33762057549206953
27,Uma carta para a mudança,0.4598792012417472
13,Com o poder nas mãos,0.5218699656854561
25,A pseudocura para uma não doença,0.511408200688119
39,Impeachment,0.6814633426837385
33,Ensino médio,0.5606904325753354
30,Proteção é a resposta,0.340092837014233
39,Impeachment não é solução,0.6695937912908277
5,Agrotóxicos,0.6325628633326095
29,Cracolândia,0.4089401041871291
28,"Um por todos, todos por um",0.3366321720019985
10,A arte do equilíbrio da vida,0.6341876494156968
21,Somos todos caminhoneiros,0.4089836426694996
14,Solidariedade brasileira,0.44917142594437015
18,Direitos humanos para cidadãos,0.700898627701061
23,Transgênico,0.6339291945191494
25,A homofobia em pauta,0.4229308871047454
12,Honra em saudar a pátria,0.38560179039239173
37,O grande medo das mulheres no século XXI,0.5383287377557436
23,"Ouro preto , 01/04/2017",0.5637436031202534
36,"Escravidão no mundo, basta!",0.5233591834236067
9,Educação gratuita para quem realmente precisa,0.4698206702051694
19,A cultura da corrupção na internet brasileira,0.5855346762072383
36,Aquele velho crime,0.4731970627054015
34,Inexistência do super ego ,0.3540307804262213
28,Os últimos suspiros,0.5985381187265032
9,O dilema do ensino superior,0.6498594360818555
32,Constituição Bilateral,0.49854944234642623
29,Interna... intervenção já!,0.46425095416493933
31,O poder,0.43760265176915686
31,Com mudanças,0.5047692379367502
0,Apropriação cultural é só no carnaval?,0.5884749120338755
17,Nosso passado em extinção,0.43008835395760153
26,"O professor, peça chave do processo educacional",0.5741989087290446
20,O país que exporta mão de obra,0.49709205416702246
14,A situação atual do Brasil e a imigração,0.5063317124375555
42,O sucesso está dentro ou fora?,0.6023576404807336
9,Universidade pública e gratuita para o bem dos estudantes,0.43900734347373305
32,Entre direitos individuais e escândalos políticos,0.5086746742067885
41,"Escola, um lugar onde  deve abrir mentes!",0.34673865931752573
12,Paz no futuro e glória no passado,0.558415105866633
35,Não existem esquerda e direita na política moderna,0.4612039990853526
7,Avanço da tecnologia no sistema financeiro,0.36978772922569436
41,(Sem título 080),0.6152978484256305
1,O emprego do futuro,0.6609497475801251
8,É notório o aumento da discussão,0.4228598737715217
39,Circo brasileiro,0.7205703440851808
17,Os Desafios em Preservar a Cultura no Brasil,0.5867221359463091
38,As descobertas através das pesquisas,0.6941536112060807
16,O que falta ao Brasil para prosperar?,0.4295910857223357
40,Saúde e bem estar ,0.5116676835445478
39,Contra  corrupção?,0.5196024652389133
28,Tantos casos de conhecimento público,0.46978198136595173
3,Revolução transumanista,0.5119860992856587
10,O estudo é a base para melhorar de vida,0.5082074072008396
5,Agrotóxicos são polêmicos,0.6932547900147586
12,Efeito G.O.T,0.4474368616903194
31,A terceirização dará certo no Brasil?,0.39125985693137283
5,Uma produção livre de preconceitos!,0.561794764003687
27,É preciso fazer valer a pena,0.43870451007199845
5,Agrotóxicos x Alimentos Orgânicos,0.49364722719497106
25,A cura gay,0.3519554614556081
37,Cultura do estupro?,0.530375126466191
2,A integridade do papel do STF,0.45386963435527766
19,Redes sociais e a manipulação política,0.541947048882292
41,"Disciplina, ordem e autoridade favorecem a educação?",0.5815840240896775
28,Mãos Atadas,0.5699234672049717
40,Violência Travestida,0.543498372708036
38,Ciência em primeiro lugar,0.5915069645855534
15,Corpo humano em dia,0.6976311836919243
37,Reflexos do Patriarcado,0.44842647278676273
11,Impactos das mudanças climáticas na vida animal,0.5093046761593837
27,De acordo com Immanuel Kant,0.32716855484936047
17,"Adeus, Luzia",0.3899559731237572
23,A presença gráfica de produtos transgênicos,0.6837126566456905
16,Por que uma onda conservadora?,0.3962724623968289
37,Estupro,0.4590669782610028
20,Formandos em crise,0.4697953851595368
20,"Pátria amada, Brasil?",0.6095010877346966
2,A Corte Suprema,0.6526029876963598
9,Educação brasileira,0.29811481078718094
19,A legalidade política nas redes sociais,0.5324999743731111
36,Escravizar,0.5496200328807004
13,Arma não simboliza segurança,0.393407247299083
22,Direitos iguais à  todos!,0.35794904109708203
23,Alimentos transgênicos,0.5871666241883202
7,Criptomoeda,0.44930219019965284
1,Peão também é gente,0.46397653247260806
5,"Nomenclatura, propaganda e saúde",0.39154405819468513
31,Modernizar para evoluir,0.4202436421647859
18,A ambiguidade dos Direitos Humanos,0.6472569686808215
26,"Afinal, seria possível o conhecimento, sem o respeito?",0.4644164284397495
18,Direitos humanos,0.4578408679050685
16,"Onda da justiça, onda do bem",0.4553861779579308
2,Fenômeno de justiça,0.5958760263293281
8,"Questionam a ciência, mas esquecem de estudá-la",0.47041594934740516
32,Limites entre Direitos,0.49198051048586644
4,"Em caso de dúvida, liberdade ou prisão?",0.5638115125523336
12,Entre o decretado e o obedecido,0.5451748816233338
3,Não à centralização,0.5019092180629933
8,A ciência pode ser questionada?,0.578237582408916
35,"Direita, esquerda... Mas e a educação?",0.49057258808143656
7,Revolução econômica moderna,0.44449227291822224
23,O que contamina o homem não é somente o que sai da boca...,0.51660415179643
30,"Ações virtuais, consequências reais",0.4707832906519353
10,A fé é o equilíbrio do brasileiro,0.6728226090648675
8,A verdade absoluta através dos anos,0.4379905124725602
19,Curral eleitoral virtual,0.573635109763897
7,Menos influência estatal não significa menos ordem,0.45408653425118795
31,Terceirização do trabalho,0.5812422765971047
4,Os Cinco do Central Park,0.4174766634606914
42,"Sem fundamento escolar, nada feito",0.4854826472436422
20,De mala e cuia!,0.56436448143009
40,Busca constante por beleza,0.5348717733556336
26,De acordo com o pedagogo Paulo Freire,0.5810514677978232
39,(Sem título 095),0.5799636847679094
34,A criação da superioridade,0.4800237062012382
5,A controvérsia dos insumos agrícolas,0.4099152220081962
6,Amazônia e o mundo,0.39855842273410175
0,Carnaval ou cultura,0.25177134978344307
14,Os imigrantes à  caminho do Brasil,0.3532332927115914
32,Direitos em conflito,0.5600602745134543
11,"Proezas da humanidade, até que ponto chegaremos?",0.47019217643221317
36,As correntes que se arrastam pelos séculos,0.3859730565185516
14,Sonho imigrante,0.4009726922143663
30,A importância da intervenção dos pais na vida virtual,0.49980740358709824
12,Canta o futuro da nação,0.5880144826677052
9,A desigualdade no ensino brasileiro,0.6621432802188747
29,Corrupção à 1988,0.42972779427738483
2,STF um órgão político ou jurídico?,0.5553690529234371
22,Injustiça,0.312387504411864
39,Dilma vs. Impeachment,0.601507901474348
21,Lutar e vencer,0.41560537950056586
1,Qualificação Coerente,0.5778565702634032
12,A construção,0.4724621549630914
13,Segurança para quem?,0.616006378080624
21,O Brasil e seus conflitos,0.2543488054623913
32,Conflito entre liberdade de expressão e intimidade,0.6235966944702466
5,O perigo está na mesa,0.695384716474269
17,"Proteção do patrimônio histórico e cultural brasileiro, uma ação necessária",0.5340869221221854
9,Quem paga são os que menos têm,0.547104507399805
34,Quem é que está livre de ser Narciso na vida?,0.3983868664407663
34,Geração dos Narcisos,0.47642690013022715
13,Posse de armas,0.6824393506319182
12,O hino nas escolas,0.4418422391479478
32,O Direito e seu fato gerador,0.5770545756372341
33,Matérias fundamentais,0.6007393481407894
15,O que engorda mata,0.5178732849167061
14,Desafios na imigração de refugiados,0.5043231334050312
23,Transgênicos,0.5064331135663798
15,A obesidade humana,0.5992832769657581
38,Qual é o papel do Estado?,0.47742478298032426
38,Ceder a  pressão?,0.6076615670599695
23,Será que o PLC nº 34 é realmente uma ameaça?,0.479355218509956
42,Responsáveis pelo próprio sucesso,0.5177890634294307
19,Redes Sociais x Eleições,0.5549518065417707
3,Avanços tecnológicos,0.428730983756434
42,Em busca do sucesso,0.3865703275611399
28,A roleta da política atual,0.5247875748615914
20,A emigração de jovens brasileiros,0.4529631396341561
34,O egocentrismo progressivo,0.40697920112361424
16,A Volta da Política Conservadora no Brasil,0.49966252385674714
25,É uma questão de preconceito?,0.546897536178258
25,A terapia de reversão da orientação sexual (2),0.5958239051728458
2,Anseio do Povo,0.6104407003414006
13,Ao analisar o decreto que facilita a posse de armas,0.44717750992818783
18,A população mudando os pensamentos antigos,0.4790278104313145
27,A necessidade de estar sempre certo,0.5166431479345013
42,Quando a exceção vira notícia,0.32365896105047787
22,O direito ao foro privilegiado,0.5760942023327532
30,Bullying virtual,0.37396065279606727
3,O verdadeiro limite humano,0.6032499808065718
22,Proteção contra a lei,0.5566961176538152
32,O conflito entre a liberdade de expressão e o direito à privacidade.,0.6828140683716537
5,Para um futuro sustentável,0.6325252254587838
10,Vencer ou ser?,0.27407515507877406
10,Nem tudo é dinheiro,0.3443336640222416
7,A facilidade nas transações ilegais,0.4691103257077324
26,O Brasil não quer ou não consegue valorizar o professor,0.5051987530059341
32,A intimidade supera a liberdade de expressão,0.6308821958752309
40,Um samba enredo que está por vir,0.42468650441251765
2,Opinião Leiga,0.4221243230388707
6,somos responsável ,0.4207904654287319
22,Vantagens e Desvantagens do Foro Privilégiado ,0.4487513233955202
9,Educação é para todos,0.5556401912133703
1,A qualificação profissional no Brasil,0.5706792699758789
8,Falso Iluminismo,0.5041809109353189
22,Foro privilegiado ou privilégio para bandidos,0.5307481206214083
29,Acorrentados ao vício,0.39752165010940516
20,#Partiu Estados Unidos,0.448644945060046
8,Autenticidade de informação,0.4404982015004112
12,Nacionalismo e símbolos nacionais,0.46407949064872517
13,Uma faca de dois gumes,0.6960840784877108
17,Incêndio cultural,0.6586612549158037
1,Nações unidas contra o desemprego,0.46579344245326526
16,Polarização no Brasil,0.5028244079837324
23,Rótulos mas  elaborados,0.6048508805819152
18,Muitos dos brasileiros não acreditam nos direitos humanos,0.4844084110096991
21,A voz da democracia,0.39991534848326366
37,Mas qual  roupa você estava usando?,0.4767470164815624
13,Cidadão armado e combate a  violência,0.6973707360939758
29,Humanidade princípio da ação,0.4159939786776472
8,A ciência na era da pós-verdade,0.4535032764835164
37,O homem é o cabeça da casa,0.4081642387938499
9,O de cima sobe e o de baixo desce,0.4565224702070254
38,A pílula do câncer deverá ser aceita?,0.6940740201626828
33,As culpadas são a arte e a educação física,0.58310725369576
9,Pública e gratuita,0.5649524286934218
16,O movimento conservador até a Física explica,0.3890835971584487
20,A fuga de mão de obra para outros países,0.5026384385153866
11,Em busca de um novo lar,0.6208035055926794
2,Um poder judiciário transparente e uma população exigente,0.3884892191881314
13,Posse de educação,0.5418338047257043
30,Mundo Virtual,0.5853316439439968
40,Corpolatria,0.5319807778269128
8,A nova ciência,0.3883171218046987
20,Luso ou Brasileiro?,0.5111504489289873
31,Trabalho terceirizado,0.488633795708871
22,Prerrogativa de função ou privilégio pessoal,0.43017786153706394
21,Evitando o acidente,0.44131119358782483
40,"Aceitação ou não, eis a questão",0.548647214357317
41,Ordem e progresso?,0.6027177393405475
21,A greve dos caminhoneiros,0.4397831777563644
40,O desinteresse da beleza moderna,0.3554136787744964
8,A informação em um mundo de manipulação,0.4052529202938489
9,A privatização e o aumento da desigualdade,0.5062565918641195
11,A geleira do descaso,0.5144303304071871
0,A apropriação cultural contínua,0.50253572542104
30,O risco por trás das telas,0.4674063887459125
27,"Ei, vamos discutir?",0.4799305569036918
39,Impeachment nela,0.61749821516428
32,Privilégio à informação,0.39332662723250844
17,A importância da história,0.5274453044439961
24,O mercado obscuro das drogas,0.6537751608412607
5,O nome é o menos importante,0.5319556280542228
2,Censura ao Supremo Tribunal Federal versus opinião pública,0.5965003510567657
16,A nova hegemonia política do Brasil,0.4907132930466547
3,Transumanismo,0.47291291656171985
5,As consequências do pós-revolução verde,0.5640938207017483
27,Construção de conhecimento,0.5429307142611537
30,A evolução da tecnologia,0.49798315874588894
35,(Sem título 097),0.4282071768405639
6,A falsa posse sob  a natureza,0.47096741353317884
40,A ditadura da beleza,0.6416207064103774
5,A praga dos pesticidas?,0.5061776277684821
38,Laboratório humano ou tiro certeiro?,0.656918087503941
14,Desafios de um país em desenvolvimento no contexto migratório contemporâneo,0.5521537810277811
12,"Cantar o Hino Nacional, demonstração de amor à Pátria",0.42716713114485133
6,Cooperação Mundial,0.5521443655409447
4,Prisão em Segunda Instância,0.6940168827295184
24,As drogas e suas consequências,0.7484913504070372
7,Criptomoedas,0.4181418296541019
38,Saúde vem primeiro,0.632893392452131
29,A internação compulsória de dependentes do crack,0.43821282208821194
6,Amazonas,0.27690532478959773
5,Superando a insegurança alimentar,0.34705023462371376
3,Revolução Transumanista,0.4167567384145539
8,Pensamento científico em perigo,0.5528098489212868
15,A Epidermia  da Obesidade,0.7115293440973587
11,As consequências do degelo no Ártico,0.5804287486828761
39,"Saia justa, o novo look da presidente",0.6819185100393954
6,A Caixa de Pandora Brasileira,0.5476296318153214
4,A “Lei Fleury” do século XXI,0.6143606535500785
10,O caminho do sucesso,0.4216066184826706
29,"Solução rápida, problema complexo",0.5001417262304484
41,Fatores para o péssimo desempenho dos colégios públicos,0.6103885874247956
7,"As tecnologias movem o mundo ou o mundo, as tecnologias?",0.3626045305101142
7,Criptomoeda,0.4510360308313049
15,A importância de bons hábitos contra a epidemia alimentar,0.5656534623511729
30,A face obscura da internet,0.5736925967043086
15,Epidemia Alimentar,0.6596928032213312
0,Apropriação cultural e atualidades,0.48888094670723165
27,Dialética sadia,0.49115279698951864
33,Artes e educação física,0.6433340987337874
33,Educação nunca é demais,0.5668537283892627
34,Gerações em conflito,0.4545544750223656
29,"Internação compulsória, ajudara o povo e a sociedade.",0.3707650253223842
41,A evolução na educação,0.6981687080896509
22,Fim do privilégio!,0.5117649979035109
33,De obrigatório passa ser facultativo,0.5057166162090758
11,Entre desenvolvimento e meio ambiente,0.5445513078520442
30,Internet,0.3844355859279192
38,Política sem comprovação científica,0.5701989180448431
16,Efeitos do conservadorismo,0.34123780052106606
37,Ensine-as a se defender,0.45821071226278365
8,A recusa da vacina,0.3243908834933829
17,Quem deve cuidar? Governo ou Cidadãos?,0.4529030593160459
38,A esperança azul e branca,0.5521939821340648
16,O conservadorismo no Brasil,0.34441749804815963
24,Uma questão de saúde,0.5850041214067534
8,Crise na credibilidade,0.5270801830401939
22,Foro privilegiado,0.4825139376084871
34,Jovens modernos  imodestos,0.5834757764521012
39,Atentado a constituição ,0.5706704256853864
23,É transgênico,0.48656803404145527
9,Crise na educação,0.4265719088327632
1,Futuro da crise do desemprego,0.49462177514133415
35,Ensino ou doutrinação?,0.6106978055167999
26,Professor,0.5534477324159605
18,Combate ao direito mal interpretado,0.5488153487200507
29,Crack,0.309463835541184
22,Primeira Instância,0.5729626509116224
1,Aumento do desemprego no mundo tecnológico,0.5847772457654273
36,Entre a liberdade e a escravidão,0.6093035846493925
15,Amo muito tudo isso?,0.41718290771007593
8,Fatos que desaparecem,0.550825948417215
19,A importância do conhecimento no combate à manipulação política,0.49142152035561976
25,A muitos anos atrás era considerado que os LGBT não passava de uma doença,0.39329834511393125
10,Em uma pesquisa recente,0.5485641354074349
4,"Justiça pra alguns, STF pra outros",0.592919372065241
2,A imparcialidade do Supremo Tribunal Federal e a opinião pública.,0.6039341465316439
37,Estupro,0.32404732926653895
36,"Escravizar, ação desumana",0.6536631214227765
19,O combate impossível à manipulação inevitável,0.6411271281553055
31,As possíveis mudanças no processo de terceirização,0.5307186624762487
18,Direitos Humanos Atualmente,0.4790276701661381
16,O Brasil é conservador,0.46096970206861065
34,Na infância que se aprende,0.4559586914007911
20,Adeus crise econômica e má educação,0.5427015199733132
41,Como aplicar uma boa educação?,0.42946155151334653
0,Entender o outro,0.6484945851396222
1,O progresso da tecnologia,0.5288064056428793
38,O bem estar é prioridade,0.38852119756230485
29,A dependência também é compulsória,0.4292611108515566
4,Constituição ou liberdade?,0.482334303727763
3,A tecnologia a serviço da medicina,0.45643540206652533
42,"Querer, poder, conseguir",0.4211668548693456
42,Educação no Brasil,0.5268800993698015
38,Cura para o câncer?,0.6316017367385456
0,Apropriação cultural significa uma pessoa...,0.696991450171882
25,A cura gay em um país homofóbico,0.560428243378246
41,O melhor caminho para  educação,0.5396763371077188
36,A escravidão não foi abolida,0.5832907748455194
23,Enganando o consumidor,0.5312834931015649
12,Inserir o hino nacional no momento atual,0.3994676080572402
13,Educar as crianças,0.3486701213170078
4,A inconstitucionalidade da prisão após o julgamento em segunda instância,0.6247193500010543
36,A desumanidade na escravidão,0.6624978500142045
19,Democracia e redes sociais,0.5759181017673592
40,Corpo perfeito,0.588903810478032
1,O advento tecnológico,0.35129430645492066
18,Cidadania plena,0.45653167180513043
42,É impossível uma linha surgir sem que se tenha alguém para a desenhar,0.3914173327953834
33,Em prol da saúde e da criatividade,0.7182418525104615
15,"Se aceite como você é, mas com saúde",0.3097767113245717
10,Desejo pelo Sucesso,0.5193578429673629
15,A Falta de Educação Alimentar para ter uma Vida Melhor,0.648416691065571
26,Todos nós sabemos que é impossível melhorar a educação,0.6448928858539815
0,A apropriação cultural e o conhecimento histórico,0.5509241307290684
38,Ciência vs. Politica ,0.582642132322972
25,A terapia de reversão da orientação sexual,0.5512209840345811
2,Ministros ou Césares,0.5578772338723206
19,As galinhas e os patos da sociedade brasileira,0.6241881329770353
5,Defensivos agrícolas,0.4850534546696778
35,A velha censura ataca novamente,0.5019432365533645
40,A beleza vale tudo isso?,0.537165475228162
15,"Obesidade, um problema a ser combatido",0.32527224333426236
7,"Criptomoedas, uma análise sob sua contemporaneidade",0.42180791250894956
40,A busca pela boa forma tem seu preço,0.5559813381210784
39,Quem atira a primeira pedra?,0.5621643787777266
41,Disciplina para vida toda,0.5389490762223192
35,O direito político na sala de aula,0.5492338828213391
12,Hino Nacional,0.533802096630545
3,O Avanço Tecnológico,0.34646016180181705
21,O legítimo exercício do direito de greve dos caminhoneiros,0.3752928163514798
22,Restrição no foro privilegiado,0.48852050430920796
4,Sim à condenação em segunda instância,0.5321688849849194
41,O Caminho Certo para uma Educação de Qualidade,0.5796227651737513
28,Se calaram ,0.46497509217343413
29,Uma medida necessária,0.3939337900591079
41,"Disciplina, ordem e autoridade favorecem a educação? (2)",0.6782129452696251
10,O conhecimento liberta,0.6119224567974955
3,Assim caminha a humanidade,0.462239306721078
2,A insatisfação com a Cúpula do Judiciário,0.6860879612213813
1,Qualificações para o mercado de trabalho,0.3891460517823721
8,"Geração de ""Pós-Verdadeiros""",0.5362866301963887
11,O aquecimento global e os ursos,0.5174562628053313
14,O Brasil e a questão imigratória,0.38908301209815904
14,Gente como a gente,0.37665142677375935
24,Protagonistas e coadjuvantes,0.7549220442152064
34,Geração amor próprio,0.4960199201810346
26,Planejamento educacional falho,0.4060500161048929
31,Terceirizar linimentará os problemas.,0.3428499373282505
26,Melhorar a educação sem valorizar o professor,0.5842297805064943
0,"No mês de fevereiro, muitos países",0.5738043001201638
27,Sabedoria para argumentar,0.5532600145798783
39,"Não ao retrocesso, viva a democracia",0.6451787480694874
0,Representação indígena no meio social,0.5182422013650951
13,Mais armas menos violência?,0.7207816073817156
18,Direitos humanos para humanos direitos,0.5713047389046374
8,O fato de negar os fatos,0.5512848760089304
30,As vítimas da exposição,0.5281344107764607
28,A ausência de evidência ou a evidência de ausência,0.416715904855315
0,Dar voz para quem não a possui,0.4114599256929894
11,A busca por território e o dilema ecológico,0.5383111562916955
15,Sobrepeso e obesidade,0.5581116226106015
12,A importância de cantar o hino,0.35291018503536925
16,Um novo olhar sobre o Brasil,0.38774194569023657
39,Negligência a cerca  de fatos,0.687282777076174
22,O direito ao foro privilegiado e os privilégios aos poderosos no Brasil,0.43967298389116427
22,A oligarquia atual,0.2669046654164814
21,Greve,0.44968494634405404
7,Revolução e evolução,0.43519558424221694
35,A geração que construiu seu partido,0.4988402276785114
22,Imunidade ou Regalia?,0.48693709065099355
3,Existem limites na esfera científica pelo bem da evolução?,0.5669438247859441
23,Está em debate no Senado Federal,0.5054937590417226
17,No começo de setembro de 2018,0.467660137604833
24,Violência gera violência,0.5281723498988777
22,Direito ou imunidade?,0.49790616303971014
20,Sonho americano,0.515141569894032
10,O que realmente é importante para a melhoria de vida,0.5267919103278742
1,Procura-se futuro,0.4698984076638304
9,Gasto nas universidades,0.4549821908578358
24,Pedra angular no tráfico,0.4651236732640701
0,Muito além da fantasia,0.4145583751121497
4,Esfacelamento da democracia e da moral,0.6820972477557765
42,Compromisso com a educação,0.5463406149427056
18,Direitos humanos sem humanidade,0.6643751091242202
18,Direitos humanos,0.4808593119564323
5,Agrotóxicos e Defensores Agrícolas,0.6351600214165087
20,A canção do sabiá,0.5112810109827559
41,"Equilíbrio é necessário, até na educação",0.678379239000852
22,A lei (não) é para todos,0.4992364530304107
25,Reversão da Orientação Sexual,0.5102149812952493
40,A beleza e o capital,0.4409350376054905
19,A ignorância é a maior arma do candidato,0.5306695263064101
21,Problemas causados pela greve dos caminhoneiros,0.42516927111893976
40,(Sem título 079),0.5281835615212698
36,A escravidão moderna,0.6594118256958289
11,A evolução para a destruição,0.28897178135708246
27,Prezado senhor UOL,0.515204985020414
23,A Desinformação sobre Produtos Transgênicos,0.6038049123011536
7,Um mundo oculto,0.4102351204379729
12,Canção ao hino nacional brasileiro,0.5396462947874338
7,O novo sistema financeiro mundial,0.4579555906789797
27,A limitada capacidade da maioria dos brasileiros,0.4687289841430471
9,Ensino público superior híbrido,0.5464751253094405
38,A cura do câncer existe?,0.5201190658818806
20,A emigração brasileira e suas causas,0.4479143429800608
6,Preservação da Amazônia,0.6095061210505685
21,A busca incansável pela dignidade,0.48714727036594774
39,A justiça e o povo,0.5109260823857582
39,O governo melhor que o governo,0.3627697320150234
9,Educação Pública,0.6607484739995949
25,Não existe cura para o que não é doença,0.5288799116836107
4,Impunidade ou penalidade?,0.7202732057796707
16,O futuro é agora,0.3320707435400409
12,Cantar por cantar não vale,0.34474547949102835
6,"Preservação do meio ambiente, um dever de todos!",0.5826025753017461
13,As consequências de uma lei,0.5425112323135616
28,Por que não há nova  manifestações na rua?,0.5205460943061363
9,Crise na educação (1),0.5811349090559823
11,Ursos polares sofrem as consequências do aquecimento global,0.5773146595983646
12,Hino nacional nas escolas,0.45546148657620933
27,O diferente que faz parte da gente,0.43266849350028863
1,O futuro dos desempregados no Brasil,0.5112251597531803
0,Monopólio cultural?,0.4412918139991987
7,Problemáticas para utilização das criptomoedas,0.6182629411741506
7,A revolução tecnológica e o sistema financeiro.,0.4622104733864028
41,Educação libertária,0.5476824544399634
21,Greve dos caminhoneiros?,0.5136022727467595
19,Questão “pinoquiana”,0.5318022407860139
6,O dilema que circunda a preservação da floresta amazônica,0.6019766944819309
33,Educação de qualidade e abrangente,0.5049142467003352
2,Amadurecimento da sociedade e o STF,0.5841538862222884
5,A liberação de agrotóxicos,0.5329194275646545
41,Em busca de uma educação de qualidade,0.6336479677557834
15,O desafio de combater a obesidade,0.7209611040922993
20,A evasão do Brasil,0.43692796094722913
10,Estudar,0.581629967981181
40,Narcisismo Sorumbático,0.2473786126092769
39,(Sem título 096),0.4831339705108947
17,É possível notar que o Brasil,0.5263190952326988
19,O perigo das redes sociais,0.5589709739608861
42,(Sem título 085),0.5797287709035692
10,Vencer na vida,0.2203321929703095
11,A ação antrópica e suas consequências,0.6142042914398065
7,A Utopia da Liberdade Financeira,0.5243697377410285
23,"Ibitinga, 7 de abril de 2018.",0.5241346074967851
17,Uma perda histórica para o país,0.5416847854735323
10,Ser vencedor é uma escolha,0.6177554625492286
32,Direitos vinculados a  lei,0.6402798189520175
40,Estética e seu verdadeiro significado,0.3875665186299171
35,Só sei que nada sei. Então quero conhecer,0.439836398041776
1,Transformações laborais,0.4356858798894272
30,A Tela Ini(miga),0.5436023259006605
16,A renovação do Brasil,0.46134317332381336
4,Prisão ou Liberdade?,0.7030426982247866
29,A cracolândia,0.365486015078778
14,Migração,0.46892490831499595
31,A terciarização é uma forma de organização,0.5147520420203545
40,Em busca do corpo ideal,0.4657663432086119
18,É importante ressaltar que os direitos humanos,0.5058772005375378
7,Inovação social,0.453710981550999
32,Direitos em conflito,0.6123016287365294
14,Um caso precário,0.3419517104107127
1,Avanços tecnológicos,0.23627883395976168
21,O transporte que paralisou o Brasil,0.356015105632088
41,A educação militar e o respeito à individualidade,0.5873693161762625
27,Conhecimento e leitura,0.5409181340369095
20,As pessoas querem ganhar dinheiro,0.3714006863157913
22,Todos são iguais perante a lei?,0.47356809031621566
38,Melhor prevenir do que remediar,0.38067885457093853
40,O zelo sem exagero,0.4338765605533939
1,Os impasses do desemprego aliado às mudanças sociais.,0.4437522606449657
17,Patrimônio em chamas,0.664297108176593
26,Vivemos em um país onde a educação,0.6156188780117954
23,Os alimentos transgênicos são alimentos geneticamente modificados,0.6240830667583999
28,A Constituição reveste à manifestação,0.3975963201800613
38,Tratamento que cura,0.5658790519772783
37,Práticas Inaceitáveis,0.38526700759642374
31,Não podemos perder a nossa luta,0.4273360062852053
15,O impasse da superação da obesidade no Brasil,0.647051021621113
0,Carnaval,0.4887153518170995
18,Direitos Humanos em Defesa de Seres Humanos,0.7138135201758765
19,saber  utilizar,0.48518628018532955
25,A liberdade e  “cura gay”,0.5662589498454215
2,Contrato social quebrado,0.6089247732577358
3,Os perigos da uniformidade,0.4482370709352458
19,Problemas Costumeiros da Sociedade,0.4927672943272276
16,O homem é naturalmente bom,0.39472290752833383
26,O profissional,0.5875039301639747
36,Trabalho escravo,0.5135346348751127
20,Imigração do jovem brasileiro,0.4819639570001002
24,"Quanto mais rentável, mais violento",0.6269702478781416
19,Voto consciente ou manipulação?,0.4378388631922334
0,Apropriação cultural,0.6448517118678845
18,Direitos Humanos e seu reflexo na sociedade,0.7537374316963513
21,Os dez dias que pararam o Brasil,0.4578850629554847
12,O hino nacional longe de qualquer associação política,0.4927293149980613
42,Aluno e escola de mãos dadas,0.6125429837546391
11,O dilema ecológico,0.5292188304580833
24,Violência e drogas,0.7670730466470201
13,Os riscos da posse de armas no país da ignorância,0.5180988326606373
3,Pré-Conceito,0.5854890776612846
38,Política X Ciência,0.5842775189266103
25,Em pleno século XXI,0.4595357042407247
30,Internet,0.44904642686197976
41,O método eficaz de melhorar a educação,0.5694061898051922
0,Carnaval,0.5108841730386858
30,Educação tecnológica pode evitar perigos futuros,0.39275516272282274
26,A educação é um bebe ,0.3650573264138767
26,O professor e o progresso,0.49695925499612126
31,Caminhos para a igualdade,0.49873185098379064
20,As oportunidades,0.4965795133722067
8,O imediatismo como fator de risco,0.37257918399476325
23,Informação no rótulo de produtos transgênicos,0.6346339129050388
10,A fé ao encontro da ciência,0.7032171751931319
33,Reforma ou uma nova construção?,0.541571539450489
37,A cultura do estupro,0.5039164707844475
10,Povo que anda com fé,0.6896344126856925
19,A boca invisível,0.499074656337029
17,"Menos Brás Cubas, mais patamares de Roma!",0.5162129416432916
14,Divergência de opiniões,0.5486704064186272
6,Problemas ambientais críticos,0.551724752441753
13,"Em 15 de Janeiro de 2019, o presidente Jair Bolsonaro",0.49693416676437646
35,Opinião ou imposição?,0.6006496296166318
33,Educação,0.33088907825703123
35,Um Brasil democrático ainda com marcas da ditadura,0.4724698934119774
5,A toxicidade na produtividade,0.5457110819012749
16,A onda conservadora e o Brasil nos próximos anos,0.4885084846689151
12,Um ritual em desuso,0.4770649290603016
17,O país desmemoriado,0.54530245018454
23,Alimentos transgênicos,0.4925518168226039
29,Eles querem acabar com o crack ou com os dependentes?,0.4899554605595917
29,A dependência química influência toda à sociedade,0.4190859737904673
16,Nada que preste,0.35171564376516096
42,Educação + Esforço = Sucesso,0.6195636029966803
21,O Brasil e sua dependência do transporte rodoviário,0.436429366004116
9,O preço de um sonho,0.3997814499758981
10,Fé,0.6983446082329733
2,Órgão Máximo,0.6747343037377025
7,Revolução Universal,0.3805996379317823
31,Zelando pelo bem-estar e segurança do trabalhador,0.5113587247835744
1,A era da reinvenção profissional,0.5084243811510126
14,Imigração ou problematização,0.4597588153029186
40,"O ""padronizado"" sacrifício",0.5227948523713626
33,"Educação Física obrigatória; Artes, não.",0.6314146030692177
37,Vamos falar sobre isso até que não aconteça mais,0.5770863399978184
18,Direito dos Manos?,0.5182084834554994
24,A violência causada pelas drogas,0.5846170508149888
31,Terceirização e Precarização,0.5165209705435336
11,Os novos vizinhos,0.6436630141553383
42,Desejo de vencer,0.3916949465930195
40,A verdade por trás das cirurgias plásticas,0.4187113080443543
14,Por que sair do acordo de migração da ONU é um erro?,0.480340163009931
33,Reforma ou deforma de  ensino,0.6113448898311635
28,O efeito do desencanto político nas manifestações pelo Brasil,0.6487104343551366
11,Natureza e desenvolvimento sustentável,0.3712137245153782
9,A crise das universidades públicas no Brasil,0.6912350480019529
32,Direito de liberdade,0.34598287218824636
21,A paralisação nacional,0.49229559081720914
15,Dois pesos; duas medidas,0.3733714119852055
22,O fim da desigualdade.,0.4725863119750943
29,Remediar ou degenerar?,0.34461160621838044
6,Amazônia e sua riqueza compartilhada,0.4468294087421878
24,Legalizar não é a solução,0.7440502077826271
22,Foro Privilegiado,0.5978643271209835
33,A opção pela melhoria educacional,0.5277228624670686
37,A criação de uma nova cultura longe do estupro,0.49693642408289523
20,Por que os jovens querem deixar o Brasil?,0.523667187019921
24,"Na sociedade brasileira, as drogas",0.49931230964644446
11,Natureza caótica,0.5399479804395202
22,Segundo a Constituição brasileira,0.5079586352934294
14,Imigrantes,0.4564699867855982
23,"Nova Granada, SP, 07 de abril de 2018",0.6068265929863853
10,O que é mais importante para vencer na vida?,0.26345715858511515
10,“E essa é a vitória que vence o mundo,0.7143493591013901
42,Responsabilidade com os estudos,0.4764068531342142
3,Evidente é o desenvolvimento,0.4951079614706786
27,"Curitiba, 2017",0.4288979799479987
4,Injustiça ou impunibilidade,0.6171076917977142
6,Recentemente acompanhamos a grande repercussão,0.4993110810552057
20,O país do futuro,0.5291481673744045
14,Esse Bolsonaro realmente vai ser um perigo,0.3467585410965221
17,"Magistrados antes, conhecimento depois?",0.44357792346416647
20,Emigração,0.47781316827643366
0,As fantasias no carnaval,0.29116817795730243
4,Presunção de inocência,0.6359848708884891
32,Liberdade de expressão ou violação da privacidade,0.7094538016884926
12,"O nacionalismo é o fim, mas esse é o meio?",0.42667702432933835
2,"Ministros, não heróis",0.5806421347901963
23,"Senhor Senador,",0.484864827979653
26,A grande desvalorização dos educadores do país.,0.43646322540529936
36,Trabalho escravo contemporâneo,0.5395149527891359
6,Amazônia em foco,0.5185026234597814
17,Incêndio do Museu Histórico Nacional,0.38221883344625507
28,O poder político sobre a mídia e poder da mídia sobre a população,0.39605707316559596
20,Fuga dos brasileiros,0.47111972593941903
36,A persistência da escravidão,0.6462869532855884
4,Prisão precoce!,0.6290784791971453
28,De amor e de esperança o Brasil não desce,0.38452374756000424
7,Revoluções necessárias,0.42172256013752096
3,A solução está no futuro,0.4830145476090899
13,Armar-se para atirar no pé,0.7649094925037879
3,A Mitologênese,0.4403874193857233
6,Amazônia deve ser preocupação da população brasileira,0.4841807576396654
17,Patrimônios destruídos pelo governo,0.5347455289136801
1,Evolução ou regressão humana?,0.4263813314202419
32,"Mais clareza, por favor!",0.559529916773721
21,Dependência Rodoviária,0.4167269340227051
28,O povo é bobo e Temer é um herdeiro,0.5856479182861027
13,Escudo armamentista,0.6757911050310005
26,A onde ?,0.4417168383521948
1,Qualificação será o futuro do emprego,0.40293089137469984
10,O mal do século e o combate através da fé,0.5715259959581704
29,Liberdade que mata,0.4715552410384918
39,O suposto milagre,0.572092092975248
36,O grande mal da escravidão,0.5883621309864419
18,Garantia aos cidadãos,0.597901906070845
18,Direitos humanos vs. Opinião humana,0.7026816156373004
3,Revolução transumanista,0.4814326030523926
21,É de conhecimento geral que o Brasil vem sofrendo,0.4103465696682395
23,Informação é Meu Direito,0.6057039353984088
5,Agrotóxico e suas consequências,0.5634429572898024
0,A afronta carnavalesca,0.5494495096397025
24,A violência por um ponto de vista otimista,0.22332435687081734
2,A democracia estende-se ao STF,0.5741605426828685
27,Péssima mania de se expressar e entender de forma errada,0.44655654684472607
8,A ciência é uma instituição legítima,0.45444776083955685
41,(Sem título 081),0.5491168906837591
31,Terceirização,0.48357957647528427
34,Geração da auto estima inflamda ,0.3875187111320461
2,A atual importância do Supremo Tribunal Federal para a sociedade brasileira,0.5240686436283987
21,Ao se pensar a respeito da greve dos caminhoneiros,0.3416819198405227
5,Pesticida,0.44149092476234353
14,Os desafios da imigração no brasil ,0.5548079872378517
13,Posse de armas,0.658536095868336
11,Um conflito em meio a um problema ambiental,0.6231453620263445
0,Apropriação Cultural e o Racismo Velado,0.6026766957979907
6,Corrigindo erros,0.3077999835535239
9,Universidades públicas para todos,0.5601757866507108
29,Minha redação,0.47793721928694594
34,Mimados no passado e infelizes no futuro,0.3933528141490178
14,Século XXI,0.4960598240740521
5,Veneno para o campo e para o homem,0.6586140913847179
13,Armas na mão do povo,0.664155562931594
13,Beije um assaltante,0.4028481208736514
38,O Brasil pode desenvolver seus próprios medicamentos,0.3754626598510963
31,Terceirização,0.5096367225821173
30,Perigos do universo digital,0.4297587035496001
2,A repentina visibilidade do STF,0.6452354412418936
11,A natureza pede socorro,0.6403930403814116
1,Qualificação e o futuro do emprego.,0.5583533478600768
8,De acordo com a poesia do poeta maranhense,0.4832554603510045
39,Interesses por trás de um impeachment,0.6065122540781751
41,Educação vem de casa,0.4812902652472807
33,Reforma na educação,0.6218926593758157
0,Apropriação ou intercâmbio?,0.6349812177274623
6,Floresta Amazônica,0.5660065181220248
28,O Brasil recentemente,0.4844654978102766
14,Braxit,0.5432053923491406
9,Desigualdade na educação,0.603518128972384
14,Brasil,0.3113450170754734
34,Equilibre sua autoestima,0.3958011830041527
6,A Amazônia é nossa!,0.39866315658091656
7,"Segundo Zygmunt Bauman, sociólogo polonês",0.3969821708786004
17,Agente acelerador,0.5797223263369454
15,Obesidade,0.593414186011581
21,A recente paralisação dos caminhoneiros,0.4202194488313902
13,Posse de armas,0.6058353706192215
4,Condenação em 2ª instância,0.625794342372297
32,"O freio na liberdade, para uma maior liberdade",0.6117743582127977
37,Sobre a cultura do estupro,0.4545549304878983
14,Humanização versus Imigração,0.5049278858116366
15,Causas e soluções relacionadas a  epidemia alimentar.,0.6858685372961105
16,O conservadorismo no Brasil (2),0.3544043257289837
5,No que se refere à produção de alimentos,0.4210551644821388
3,"O avanço tecnológico, um conforto para poucos",0.37074391028900244
38,Esperança Renovada,0.5369919300224101
34,Amor ou doença?,0.35600870402233453
33,Grade de estudos sem Educação Física e Artes?,0.5985554931375096
42,O sucesso como consequência do presente,0.5808500836555851
4,O réu deve ou não ser preso após a condenação em 2ª instância?,0.44191073727674013
6,Amazônia,0.6088485558852212
24,Sem demanda não há oferta,0.7841807833611752
4,Tardia e eficaz,0.4613482374710524
12,O hino nacional é diferente de uma devoção ao presidente,0.5165040216091129
0,Multiculturalismo carnavalesco,0.42106137690858714
31,Terceirização,0.5019145078053253
17,Prejuízo mundial,0.6078571036470757
24,Ultimamente temos observado um aumento,0.4451350468458328
19,Voto Digital,0.3330219865936982
19,Cabresto subliminar,0.39967317009604825
16,Inversão política,0.44856080427545314
63,Cultura da imprudência,0.5784827578454678
78,REFORMA OU PROGRESSO?,0.6514989142054362
65,Caminhos Tortuosos,0.4641996453629189
46,Seria a privatização a solução?,0.6849470778625131
64,Educação sexual nas escolas será a vacina mais eficaz para todos os problemas que existem hoje por falta dessa vacina,0.5013341044712036
84,A sociedade armada.*,0.5921719389726308
72,,0.5125870774477463
58,Floresta amazônica,0.4593857038934088
60,"Um problema a mais, uma solução de menos",0.39702826235247274
46,Desafios Enfrentados pelo Saneamento Básico...,0.6341272937386827
50,A manutenção das tecnologias nacionais para salvar vidas.,0.3484173919790995
60,A previdência,0.6487599892397528
52,Gravidez precoce e seus riscos,0.3685329078670765
54,,0.569051616611384
43,CANCELAR POR QUÊ?,0.5617423535108329
45,Poder ou manipulação?,0.5598858435146914
47,O EAD NO BRASIL,0.5521393943398754
54,Utopia da vacinação,0.4962911330946608
49,Qual a necessidade de um influenciador digital?,0.6943945089436945
85,Inserção popular no meio político,0.5908430209663826
45,Por um mundo de liberdade,0.438475755258209
71,UMA DOENÇA SILENCIOSA,0.6923153380163788
65,O valor do jovem na sociedade brasileira,0.624934786763581
47,UMA EDUCAÇÃO PARA TODOS,0.4378637857799015
43,Hahahahahahaha,0.5385169911327132
75,Mais avanços ou mais violência?,0.6985401978980589
47,Um ano escolar perdido,0.47437636724332666
78,revoluçao do conhecimento,0.4942509913416997
82,A automedicação deve ser combatida,0.4320755717463592
73,O preconceito racial faz morada onde há ignorância,0.5395125024143387
76,Uma luta interminável,0.4251321158581844
47,A Consequência para a Educação a Distância no Panorama Atual.,0.4521750558765314
84,Armas,0.6433284429050193
50,Ciência,0.45510108832868895
81,Alteridade comprometida,0.5854975417638926
43,Monitoras de conduta,0.5468517922766448
82,,0.5893880868956737
50,Importância da ciência,0.2532902063593811
48,Saúde Pública,0.5321845156810191
85,Internet segura,0.2790920399643557
46,.....,0.6811860715459666
63,"Impactos ambientais, uma discussão social e política",0.47702308519185527
45,"Nem por força, nem por Violência",0.3181612625615775
55,Os índios e o progresso da humanidade,0.5173336698895896
75,Vida sim armas não,0.6067086139771296
81,Discriminações religiosas em um país laico,0.6226998645926525
47,O outro lado da moeda,0.4847245727968375
43,acm cancelar,0.6438029985800108
82,Cuidado com medicamentos gratuitos,0.33207769072053506
59,DESIGUALDADE NA HUMANIDADE,0.15165647351036385
60,,0.5614264744109216
79,A precariedade do sistema prisional brasileiro,0.527362331650724
62,Rastro de ódio,0.6949658825361984
74,,0.5957520971577881
44,INJUSTIÇAS CONTRA O DIFERENTE,0.5065288916350903
78,É Necessária,0.4409924881362889
43,Julgamento virtual,0.6297397956586861
73,Caminhos para superar os desafios encontrados pelos negros atualmente,0.5216617205776278
43,///A cultura do cancelamento nas redes sociais//,0.4288311360148946
66,Compreensão do mecanismo,0.41028215084710473
52,Gravidez na adolescência,0.43829878992989535
51,Mastigando palavras,0.5099772991176178
84,,0.7537125099020627
52,A Gravidez na Adolescência Hoje,0.6204776743277967
78,Novo ensino médio,0.4573293719243231
47,O dilema da Educação a distância no Brasil,0.5457346598497395
76,,0.6172753402118483
59,Fome um problema evidente no Brasil,0.5872723517727981
59,Desigualdade social uma realidade brasileira,0.5721982985924348
68,A importância dos investimentos nos patrimônios públicos,0.43945791054606237
64,As melhores soluções sempre estão na educação,0.5521265865742251
47,Dificuldades em tempos de pandemia,0.5425291279507523
85,População participtiva*,0.3938986356323068
85,Soberania Popular,0.6318368352441757
80,,0.5771835874512841
48,"""A IMPORTÂNCIA DO SUS""",0.33716923020479717
75,A preocupação sobre o porte de armas,0.564837014972102
48,SUS,0.4076920550840846
78,,0.6298294769315187
62,O ódio divulgado e enraizado,0.6579632694159113
46,Privatização,0.6852018220762125
54,,0.5947796740728785
51,O mau persistente,0.5028865454770327
74,Machismo fatal,0.5738316614210325
46,Sem título,0.5438208240507434
47,As dificuldades na concretização do Ensino a Distância,0.4583721527775188
83,A importância da prática de esportes,0.5912626881318169
74,Homem protege covarde viola,0.4954492881636922
85,Lei de iniciativa popular,0.5096796639807296
59,Fome em meio a desigualdade,0.6788481054808706
81,Intolerância religiosa,0.5185815886683299
56,Atual sistema carcerário do Brasil,0.4467706203369021
54,,0.6280940541052713
52,O Impasse Adolescente,0.4600851153169154
73,,0.5729324382549834
85,"Democracia direta e eleições limpas, já!",0.5345168107012007
84,"MAIS ARMAS, MAIS MORTES",0.7167423289412478
84,O Porte de Armas deveria ser Liberado?,0.6233384341184391
82,Automedicação como aliada dos sistemas de saúde,0.6443768486203937
79,Ainda a solução,0.3969372396761591
73,Fato histórico,0.44676871420751524
48,Vidas em espera,0.4477404965336448
60,Reforma da Previdência,0.4814211853369182
58,,0.38587086399758525
75,Liberação do porte de armas,0.6493051785763916
84,Uma forma de se defender,0.7590002125628861
52,Gravidez precoce,0.4967453064376706
60,Reforma da previdência,0.5532685210288382
71,"Suicidío, problema ou solução?",0.3471902846708805
58,A vitalidade da Amazônia para o mundo,0.6587620114712983
60,Reforma justa solução! Injusta problema!,0.594750465129217
83,,0.5616295989437594
71,,0.521378631017087
44,Dignidade feminina,0.5861520869708525
79,Novos caminhos para política prisional,0.4612522713499697
54,A vacina e o povo,0.5395818844136936
78,,0.5133758224795018
83,Esporte e seus benefícios,0.5587255035022602
54,Movimento antivacina e a volta das doenças erradicadas no Brasil.,0.5834076373479514
45,Poder Sobre a População,0.551730136157985
58,Amazônia contemporânea,0.5955902814116353
73,Superando desafios sociais,0.6302916907748004
61,Segurança pública no Brasil,0.47310324192072123
71,Suicídio,0.5781089636777933
65,"Melhor um livro em baixo do braço , do que um pistola na cintura",0.40869841218821495
77,"Homofobia, um crime",0.44888660765457855
67,Guardiões da Natureza,0.5365357704611983
85,Um instrumento na vida política do cidadão,0.5222046837541984
58,,0.5974500157196272
78,Corrupção no Brasil,0.10007305756314216
52,"Vida por dentro, vida por fora",0.4643488235508343
68,A importância de valorizar o patrimônio histórico,0.655767659171641
44,A ameaça da legitimidade da mulher,0.5610861617570697
44,###,0.46091849563315357
62,Discurso odioso não é liberdade,0.3250171998534978
50,"Ciência, indispensável a sociedade",0.5687621686222404
60,,0.39674069769091214
59,,0.551375658116176
83,Além da competição,0.6242945848405854
82,Drogas da evolução,0.4671337726352321
45,Despotismo imaginário das competências,0.5575800698914396
62,As redes sociais e o ódio,0.5366766079631548
82,Automedicação,0.5056311197607106
45,Abusando do poder,0.7447339749963987
44,REDAÇÃO,0.4401296480698522
71,,0.6260491799564898
76,,0.6804340142886812
73,A desigualdade racial no Brasil,0.47155573111833493
69,Agrotóxico e a conscientização,0.4610772440187391
80,Uma sociedade igualitária e tolerante,0.4502466783545784
50,A transmissão,0.3403675651998141
58,,0.5830910841395488
55,"Redação Dissertativa,A importância de valorizar e garantir os direitos dos povos indígenas no Brasil",0.5143377410098199
53,As informações no Brasil,0.5218270183749759
85,,0.5881200228622693
82,,0.5151459703848025
47,Os desafios do ensino e da aprendizagem a distância,0.6284642238561217
52,Casamento arranjado,0.5612481767257307
44,Afffsss,0.33667838946186324
54,A importância de vacinar-se,0.6718318840636947
69,O problema do agrotóxico,0.49684893809483577
45,Abuso de autoridade no Brasil,0.43345096590315935
44,Correndo contra o preconceito.,0.39759998984484024
49,Democratização responsável da informação,0.5995482459974949
51,Analfabetismo Funcional no Brasil,0.46850995574228277
50,A Ciência Contra as Epidemias,0.47010413327377154
49,A realidade por trás das redes sociais,0.4442199198359208
77,Homofobia dá Medo e Pena,0.3897666788134867
49,...,0.5442292452810447
43,O papael social da cultura do cancelamento,0.5372787935887813
75,,0.6289913696860164
64,Falta de informações,0.3563031481253128
71,A escola pode ser um lugar cruel.,0.42067511712907707
51,Um vilão em nossa nação,0.6004941018619369
69,,0.6982283714988639
77,A vida na sociedade,0.3835285957575822
67,,0.6521056415675153
84,Não é uma questão conservadora,0.7181864443130618
85,"Brasil, pátria educadora!",0.26050472912608097
83,Prática de esportes,0.507529212470802
78,,0.5174412158675946
82,Remédios,0.6378600149262432
49,INFLUÊNCIAS DIGITAIS,0.35899056171233784
76,Equidade de gênero,0.5983655151392067
80,Rumo a Tolerância,0.42480591227362313
47,Tecnologia como solução e desafio na Educação Remota,0.5700741469121907
80,,0.5511523649441437
55,O indígena no Brasil,0.5232565288920227
44,'Let Her Run',0.485188804488077
82,A falta de informação e o descontrole da automedicação,0.6123517127996759
74,Feminicídio ''O ódio do gênero'',0.46252342080499664
74,,0.5277868598565887
82,,0.413695457973791
81,,0.4992698696081052
71,Suicídio,0.5803367659770375
49,O papel dos influenciadores digitais no Brasil,0.5095763353070947
85,Legalidade do aborto no Brasil,0.30503317291151033
78,A Reforma do ensino médio é uma solução para a educação,0.6514480807090143
49,Influenciadores,0.4305457534377102
51,Inteligibilidade Paradoxal,0.5027677213820875
68,A importância do patrimônio histórico,0.6797990105074958
59,Fome nas famílias brasileiras,0.5942156705058617
71,Diga não ao suicídio,0.5916157423715438
63,,0.4170760165206606
70,,0.5311942099733494
56,A situação carcerária no Brasil,0.3521182370522503
63,,0.5717904479453024
43,A Presença do cancelamento na sociedade (G),0.37367485109735904
52,Um problema enfrentado no país,0.5530999107572971
85,Do pensamento maquiaveliano ao fim da opressão,0.5714389789589531
49,INFLUÊNCIA PATOGÊNICA,0.431274226466609
73,O Brasil é negro,0.5183410528320483
43,Opiniões dissimuladas nas redes sociais,0.5455093422388079
73,Um caminho para todos,0.36366775846988675
75,,0.3976242231483556
84,"Porte de armas, um mal sem necessidade",0.5037445549896533
83,Leque de benefícios,0.3744276483555705
83,A importância do esporte na vida humana,0.3582203742461025
45,A discussão sobre abuso de autoridade no Brasil,0.4097182489386315
64,Educação sexual desde cedo,0.5725212162842908
78,Um critério a ser repensado,0.6731677839658841
44,´´Let her run``,0.5165225722493463
73,,0.5062190320602159
52,"A gravidez precoce, um problema cada vez mais comum",0.6721685421208146
82,Hábito Controverso,0.6033125282708884
69,,0.582316010859005
72,,0.47317438026412817
44,TESTOSTERONA ACEITAVEL,0.5646994573578491
71,As vítimas de Goethe,0.5068563052203309
44,A ÉTICA COMO PRINCÍPIO PRIMORDIAL,0.4360326220228897
58,preservar a floresta,0.522588811028335
52,Adolescência deturpada,0.44061583695139034
49,Influenciadores digitais,0.40503007738452756
53,*SEM TÍTULO*,0.5860230651494224
45,Abuso de autoridade no serviço público brasileiro,0.6463571671972687
81,A ignorância como intolerância,0.3937773053058965
55,Emancipação Indígena,0.5733906543280087
81,,0.59751252182756
72,,0.5553883708226706
55,O mundo interdisciplinar arruinado pelo homem,0.24921350233250186
79,,0.5465075856015364
51,Seu campo de visão com os do mundo,0.33366842566709454
69,Agrotóxicos no Brasil,0.44693821779444654
78,Reforma nem sempre é sinônimo de melhora.,0.5866430973816905
52,Nível de informações,0.5049569694059184
48,Sus,0.44580971289496435
45,Lei de abuso de autoridade,0.5836909353053548
48,SUS,0.68839799654797
43,Declínio Democrático,0.43079520672425525
81,,0.6348651203624055
52,Informação é tudo,0.571476852487577
56,"Sistema Carcerário Brasileiro, prisões ou celas de tortura?",0.563982408776598
52,Gravidez precoce,0.7203504123448904
50,A necessidade de inovação e incentivos fiscais à ciência e tecnologia no Brasil,0.42296039397544516
68,Um povo sem cultura é o mesmo que um povo sem memórias,0.47663749559220947
74,Atitudes retrógradas,0.5994577299193258
82,Automedição,0.5302133726023224
53,A influência dos meios de comunicação na sociedade brasileira,0.5889187466070096
57,,0.6263553220255805
62,Respeito ao próximo é sua melhor opção,0.37121276321372104
84,A eficiência do Estatuto,0.47935702347038783
48,A importância e os desafios do Sus no Brasil,0.6171611922475274
76,O desafio da equidade de gênero,0.36031515064345565
73,Caminhos para o combate do racismo no Brasil,0.29963075621382856
76,Empresas tendenciosas,0.6114544313124554
78,,0.34188325079250714
52,"PLANEJANDO BEM,QUE MAL TEM.",0.4639320058743755
45,Estamentos sociais,0.5998079302543485
49,"Influenciadores digitais, uma discussão social",0.5275865755693728
49,Totalitarismo Subjacente,0.427800303564011
56,Como reverter o cenário da atual situação carcerária do Brasil?,0.5188421462351084
55,Valor a Cultura!,0.6200577676763249
71,Suicídio contemporâneo,0.5719769882598099
84,O país não tem estrutura para aceitação de algumas leis,0.5568354330622011
63,Thanos estava certoW,0.4367038477357137
45,O problema do abuso de autoridade no Brasil,0.6911050756431925
49,.,0.5421008152972082
82,Automedicação,0.5663815214513245
64,Educação necessária,0.569517239787127
69,Uso contínuo de agrotóxicos,0.6657629015208667
73,"Brasil, um país de todos",0.4505732580603073
64,,0.4725056426331972
58,,0.6537269850871418
77,homofobia uma questão da atualidade,0.5547789182130137
59,Fome de viver,0.5528753983028091
52,Gravidez na adolescência,0.5591100711754098
82,,0.49249347714005576
83,Em busca da qualidade de vida,0.43678383733828613
46,privatização do saneamento básico,0.5298563099211725
55,Manifesto Indigenista,0.5293158298854097
64,A educação sexual nas escolas,0.3399434996986078
45,Lei,0.5900402308998699
48,A eficiência e problemáticas do Sistema Único de Saúde,0.623574727633667
63,Impactos Ambientais,0.33097064483197036
83,Não seria nada mal deixar a prática esportiva virar um hábito em sua vida.*,0.3606448173715512
51,Educação Funcional,0.43296919819474183
45,A questão do abuso de autoridade no  Brasil,0.620089523443926
59,,0.5423279326230964
72,Notícia falsa pode nos manipular?,0.3930896472741355
76,,0.5805589472932784
78,Uma revolução para a educação brasileira,0.6446676478704079
73,,0.6231424074666073
52,vida de mãe,0.4773225575525136
78,A MP do Novo Ensino Médio,0.6099397007545838
64,Educação sexual nas escolas,0.6788120530694877
60,OS DESAFIO DA REFORMA DA PREVIDÊNCIA NO BRASIL,0.4402448081758579
63,Elucubração do Brasil floresta e cidade.,0.44442161290131005
59,A fome no contexto social brasileiro,0.7030331550783184
70,DSTs no Século XXI,0.4653992779228858
74,Violência contra a mulher no brasil,0.5755013948761174
44,!!!,0.5517966227792457
59,,0.5596004262353949
59,Desigualdade e fome ainda presentes no Brasil,0.5724978842597095
69,Os agrotóxicos e a sustentabilidade,0.6942310462838779
82,Responsabilidade é o remédio indicado,0.4700196973890688
54,,0.5378045798977038
59,,0.4717574969620742
71,,0.5351033874560523
74,,0.6254321485202122
49,Influenciadores digitais,0.5745886941818276
60,Amálgama de Beauvoir,0.5367288493688195
74,Feminicio e a lei 13.104,0.576041560718164
45,Redação 21 - Abuso de autoridade no Brasil,0.5788096428857656
83,As Olímpiadas com a cara do governo.*,0.19962242242980158
65,Sonhando o sonho do treinador Carter,0.5473255792083128
58,Problema antigo,0.41918072892451835
78,Os benefícios se sobrepõe,0.7087887995083981
44,Indivíduos são particulares,0.5243519451284498
59,A realidade da fome no Brasil,0.6112070000974978
62,Propagação dos discursos de ódio,0.5501556361512442
81,,0.4759179721694746
68,Valorize seu patrimônio histórico enquanto há tempo,0.45226336520755295
47,"Educação, um direito de todos!",0.46050095394361107
71,,0.5261808311553406
56,,0.6450943521166244
45,Abuso de autoridade no Brasil,0.44909416274550845
71,A importância do diálogo,0.5666607334945514
69,,0.5866121008997294
62,,0.32585468508230864
83,O papel de mudança,0.46769811495144525
81,A Liberdade de Crença Religiosa na Sociedade,0.6472390852622111
73,Desafios dos negros atualmente,0.4669910735082506
56,Negligência governamental a respeito dos presídios brasileiros,0.5023806739094704
51,A educação na construção da sociedade ideal,0.43924242089549603
62,Discurso de odio nas redes sociais.,0.38802958281519084
62,,0.5682998928875768
74,Mulher ou objeto será este o desfecho,0.5201196323299129
76,Luta por Igualdade,0.5995678673891389
45,A autoridade abusiva do Brasil tem solução?,0.5031024432250856
64,A importância da educação sexual,0.42199363842594845
81,,0.43763471227072004
56,Nem na prisão à segurança,0.45325416044415434
58,Repensando conceitos,0.4227217312677377
59,Fome,0.4863578843629991
44,O limite da exceção,0.43950143466793284
83,Introdução ás* atividades físicas,0.28233444268303537
76,A mulher e a luta pelos seus direitos,0.5639109752409923
52,Previna,0.3794945512212488
46,Privatização do saneamento básico,0.39718315162189793
76,,0.5558581030955232
76,Igualdade de gêneros,0.5413519027459136
73,"Acenda a luz novamente, Lei Áurea",0.31219071007074606
84,Informação para solução,0.5421512693654778
48,Saúde democratizada,0.5966104888625406
71,,0.5441533738054621
81,Defendendo a liberdade de religião no Brasil,0.4804611626483037
56,Mudando a atual situação carcerária Brasileira.,0.4596439633780352
69,Venenos alimentícios,0.564484563163672
62,Não a disseminação do ódio.,0.49938249666307843
72,,0.577717700877456
69,O uso de agrotóxicos no Brasil,0.41411869868919754
69,,0.6059310725971876
78,Reforma do Ensino Médio,0.6994004858814312
85,Nosso projeto de lei,0.46256556152944434
47,Educação em tempos de pandemia,0.4557338647124513
82,A automedicação ainda é uma necessidade!,0.4039645496210871
49,O PERIGO MUNDIAL DAS CELEBRIDADES DIGITAIS,0.5972763922033546
69,,0.5514024827838894
46,Privatização do saneamento básico,0.6150997305221352
65,,0.525284675354294
70,,0.38857508605462043
55,Chegada dos portugueses as terras brasileiras,0.5608001572060918
60,A reforma previdenciária em questão no Brasil,0.64145929025487
71,A problemática do suicídio entre jovens,0.50721490023331
45,AUTORIDADE NO BRASIL/ABUSO,0.5030780525443778
82,Automedicação,0.42323009321547866
54,A importância da vacina,0.5715627444652825
58,Prova de Fogo,0.6488595072220958
49,O PAPEL DOS INFLUENCIADORES DIGITAIS,0.5902630266097355
64,,0.49190084530833394
52,Os riscos da juventude,0.428942589261045
45,---,0.49519368741885783
58,O planeta precisa de você,0.4378790684413701
74,,0.5755622656585544
83,Jogos do aprendizado,0.4957761324688064
62,,0.49659763678645946
50,Coronavírus,0.5587736712151821
44,Aceitação do natural,0.5233128416871453
49,O Papel dos Influenciadores Digitais,0.4755064389610467
45,"Abuso, não!",0.5279950975107524
52,Gravidez precoce,0.4066615643578712
64,Sexualidade precoce entre os adolescentes,0.586742600336076
43,"""A cultura do cancelamento nas redes sociais""",0.4728391764252343
84,portes de armas pela população civil,0.6201935273266391
64,Educação Sexual,0.6645431407867998
45,Do abuso de poder,0.44336694371612995
85,Riscos Advindos do Álcool,0.12831807332062686
50,Coronavírus,0.5249455493815008
43,Pré-conceito.,0.20126411758269308
49,Influenciadores Digitais,0.4420704598849857
72,Fakes news,0.5116860994675256
81,Pluralidade que necessita de respeito,0.5633090970685575
70,,0.4565964903673536
50,A ciência brasileira e o coronavírus.,0.6046099696291405
81,Intolerância no Brasil,0.5633106239417609
46,A universalização do saneamento básico,0.5534347918941894
63,,0.47959339886122726
73,Racismo,0.483150341050619
54,A Importância Da Vacinação Para a População,0.6617432631685757
75,Livre porte de armas no Brasil,0.5634921953431395
84,Arma de fogo não é sinônimo de segurança,0.7259991724987825
81,"Intolerância religiosa, problema nacional",0.42412061516234933
69,"Agrotóxicos no Brasil, um caso sério",0.668524297537198
71,Mundo de aparências,0.6016396310911863
50,"Nem pandemia ""global"", nem isolamento ""social""",0.37005666929151343
70,consequências da desinformação,0.518158224461028
48,"""...""",0.5446733565838339
51,Usufruto do que lhe é exposto,0.3493926794449046
73,,0.544428625185412
52,Educação sexual,0.5046462270957908
75,combata o trafico não o porte,0.663166713040848
55,Os verdadeiros descobridores,0.32237511941975483
75,,0.5931355142853374
46,Privatização,0.6860637276049615
65,"Redução da maioridade penal, uma solução ineficaz para o problema",0.31542875708673324
43,P,0.48684120572781003
83,O esporte,0.4419603417186554
44,O que é realmente ser uma mulher?,0.5053110561993415
47,Desafios na Educação,0.6414057645185836
43,"Cancelamento digital, desnecessário e nocivo",0.5507089085675656
46,Saneamento básico,0.6212401577666901
71,,0.605138618366722
77,Love is Love,0.3789629064319913
50,Desenvolvimento científico,0.4056845352516954
64,,0.4422903050341961
71,,0.4480664351589641
43,cancelando opiniões,0.6501319742611538
63,Impactos ambientais no Brasil,0.4134853677793858
50,Comportamentos e crenças contrários a ciência prejudicam o combate a pandemia de coronavírus,0.46278091650055464
50,Medidas para uma ciência mais eficiente,0.2539598611019147
85,,0.5422614691112322
52,Sem título,0.5125385054577829
73,O tempo não cura tudo.,0.34088932116211673
47,.,0.4032681100440218
73,,0.5151833008258901
47,Sou1000Al,0.5421174794482659
75,Mais educação gera menos violência,0.5824280041984883
49,Os cuidados com a redes sociais,0.5195774355927165
46,Saneamento,0.5821136071036517
82,"Automedicação, como resolver?",0.6312494103941602
45,As bases da sociedade brasileira,0.45331753851881784
66,O ser humano alienado a internet,0.493309909338535
85,O Crescimento Republicano,0.47511506758577304
43,"A censura por trás da ""cultura do cancelamento""",0.3620526593082255
82,A cultura de se automedicar,0.3907958943939002
67,Desafios dos indígenas no Brasil,0.7393729096122702
59,O Brasil e sua agricultura,0.6384135768967643
60,,0.5255085246254875
48,SUS sua importância e seus desafios,0.552866923686462
53,,0.5170149415140771
74,"feminicidio , violencia contra mulher",0.5753614329519825
51,Alta taxa de analfabetismo funcional,0.5626870293092261
75,Arma o cidadão,0.5139160247990805
43,A cultura do cancelamento tornou-se ilógica.,0.4754479411252343
49,O papel dos influenciadores digitais em época de isolamento social,0.5910762200716208
71,O papel do suicídio na vida de jovens,0.5172805529596156
49,Redação 9 – Papel dos influenciadores digitais,0.5714923319050998
84,Disparando a paz,0.5449698420428072
52,Juventude Abreviada,0.5944426943899201
82,Consequências ocultas da automedicação,0.5295997411938953
59,,0.7170617375210906
55,A importância de preserva uma Identidade,0.6051704557788878
47,Ensino a distância,0.5120898473817616
83,O esporte na superação das diferenças,0.5315264748628964
58,Meio Ambiente,0.7107483106611322
58,Cooperação universal,0.5099584966836925
49,Papel Rasgado,0.42256383846455714
50,O Uso da Ciência no Sistema Único de Saúde,0.25989628755276223
79,Onde não há educação! Há Problemão,0.2968878215577762
54,,0.49893650344247714
67,,0.451964951574361
84,,0.7637363497949959
53,Reféns dos meios de comunicação,0.6372395733980646
45,Princípio da autoridade,0.4782515419551032
48,A relevância do SUS para a sociedade,0.609608832748829
47,As distorções do ensino remoto,0.6038920582842876
58,,0.49185661239870804
65,Caminhos para diminuir a criminalização entre os jovens brasileiros,0.5121480850565666
69,Agrotóxicos,0.6655378771870322
49,Consequências da exposição de influenciadores digitais sobre os seguidores,0.4860185267246659
70,,0.5530258350294335
51,Analfabetismo funcional versus tecnologia versus marcado de trabalho,0.4372603788313215
46,privatizar para melhorar,0.6524387803410707
59,Fome,0.5441437666924938
48,A REDUÇÃO DOS PROBLEMAS DO SUS ATRAVÉS DA PREVENÇÃO DE DOENÇAS,0.5910112763193023
52,O problema de uma gravidez precoce,0.546542661005443
80,Preconceito racial é uma herança colonial,0.46742141332806214
82,Os malefícios da automedicação,0.5425979502340993
73,Dos quilombos ao século XXI,0.33641892800233947
55,Os Índios e seus Direitos,0.3976217255819469
46,JXP-A anti-democratização de um sistema de saúde precário,0.6203139140411003
48,SUS,0.6503707803788006
85,AQUECIMENTO GLOBAL,0.16657121880778245
44,Nós por nós.,0.4502201136742358
49,Influência e decadência,0.5538338025305041
77,,0.5107166654939783
66,Redes Sociais,0.37583175904467486
55,A soberba do homem civilizador,0.5361344810743462
46,Acesso ao saneamento básico,0.6967794239636776
54,Revolta contra os antivacinas,0.5330512328034456
48,Saúde Brasil,0.500658064454168
56,Como reverter o cenário da atual situação carcerária do Brasil?,0.27154729998129107
58,"Floresta Amazõnia, um problema ambiental",0.5294503193535052
52,Gravidez na adolescência,0.5369228176633191
44,"""Let Her Run""",0.4826795589463843
53,A influência dos meios,0.4699051611897861
85,A interferência da população nos processos decisórios,0.6134872280556105
83,Esporte x Sedentarismo,0.362850937423218
63,Grandes Corporações e o Meio Ambiente,0.4727329517229409
65,Educar é recuperar,0.4127918507058984
84,A arma é a educação,0.5112527966701882
83,Microcosmo da sociedade,0.5258049521844631
56,,0.5712616258584704
44,...,0.5271136797616781
84,,0.6745109527051186
56,A situção caótica dos presídios,0.4405467759713837
45,O abuso de autoridade como sacrilégio e crime,0.6192782164107162
84,Armas nas mãos certas,0.6493330348274402
63,Os impactos ambientais e suas consequências na sociedade brasileira,0.6332737643135514
51,Estagnação educacional,0.5190613333630002
75,"Avançar em segurança, não retroceder em armamento.",0.6520989414440481
60,Um mal necessário,0.5962099497019331
59,A fome em meio a fartura,0.6050811219179286
51,O analfabetismo funcional e suas problemáticas,0.39412660900391977
70,,0.4251651586754038
49,Atualidade Atemporal,0.3631754917568202
48,A democracia em forma de saúde,0.512667500692475
71,Não é só uma fase,0.5221302697214025
48,Sem título***,0.6213711282409647
78,Precisamos melhorar,0.5713072212803989
75,O livre porte de armas no Brasil,0.3138548185835891
78,A organização do ensino médio,0.6519974012946975
51,Analfabetismo,0.595642921953571
83,,0.4518610032102833
46,O marco é garantia?,0.5633713019389696
82,Do alívio a problemas mais sérios,0.6050671446259187
60,Reforma da Previdência,0.5762701834297591
56,Assegurado seus direitos,0.43660292981840376
82,Automedicação e seus riscos,0.6173842160755011
81,Intolerância religiosa no Brasil,0.29752786326192454
76,Machismo que subestima até no mercado de trabalho,0.6887151046501984
45,Abuso de autoridade no Brasil,0.48031173289742807
85,Sentindo na pele,0.4549836824409779
49,DIGITAIS INFLUENCERS,0.37175591848122247
84,Um imperativo à vida,0.4180663122972999
52,A ADOLESCÊNCIA E A GRAVIDEZ.,0.5398201562692901
56,O sistema carcerário brasileiro,0.3847753172815536
85,,0.5543307855668523
78,Um Brasil espelhado,0.44339058045325447
48,PALOMA MARIA SANTOS,0.5984636357222554
49,O Homem Unidimensional,0.5053366896921468
45,REDAÇÃO,0.49529903394028385
65,Evasão escolar como impulsionadora da criminalidade entre jovens,0.6807770408500524
61,,0.6196794853576915
50,Da ficção à realidade,0.3526195557234074
76,Equidade ou iniquidade de gênero em questão no Brasil?,0.6401685315116397
61,Deu-nos a pátria querida,0.6293241298878712
75,População de alma e não arma,0.47607739095542306
62,Reflexos históricos do discurso de ódio,0.45571795212689853
45,BLM,0.5851502616883983
79,Por menos cadeias e mais socialização,0.33097391029920975
80,Inclusão social contra o racismo e a injúria racial,0.456869850909518
83,A prática esportiva e seu legado,0.44167184501756845
55,A importância de valorizar e garantir os direitos dos povos indígenas no Brasil,0.5933760461064412
69,,0.445519617400589
58,Desmatamento e queimadas a importância de preservar a floresta amazônica,0.4945594829409258
60,A ameaça do direito social,0.47581269600976994
55,,0.38577906698987485
83,Esporte,0.6546231227970727
63,A Natureza geme e padece como em dores de parto,0.5690035171553616
73,Caminhos para superar os desafios encontrados pelos negros atualmente.,0.5722454680930574
77,,0.40567017897547064
58,Desastres ambientais,0.20890415195724915
78,Investimento educativo para melhoria do jovens,0.5753488538060301
54,Vacinas,0.6043970035736367
82,,0.6588823173121061
72,Fake news e os males que acarretam,0.5279505131644742
54,,0.6449041140501015
71,Suicídio de jovens e o mundo atual,0.53950693436352
48,A escolha de Sofia,0.6445617273097687
66,Luta contra a manipulação,0.6392850009437989
82,Automedicação,0.4239904396735578
79,como podemos mudar,0.49091548839074184
43,A bipolarização e o discurso de ódio nas redes sociais,0.32453807177762434
48,Saúde pública no Brasil,0.3975035672933131
74,,0.4181427031464631
65,sem título,0.5844733233910181
48,Brasil sem amparo,0.6401511776891385
50,Cientistas,0.48858222946621854
68,As Riquezas do Patrimônio Histórico,0.708048937886576
52,O real problema,0.4637223475094686
68,Valorização do patrimônio histórico brasileiro.,0.6324400064133122
71,Suicídio,0.4929033537194134
82,,0.4801626098906793
85,Cabe a todos lutarem por algo melhor!,0.47773974344204395
72,A ignorância das pessoas e as notícias tendenciosas,0.47997409430805293
50,A Nova Crise,0.37721122904892485
49,Padrão subconsciente do comportamento,0.6471137914351182
74,Feminicídio,0.6389048198331533
76,,0.6821319204217368
48,A crise como instrumento de mudança na saúde pública brasileira.,0.39699232638960397
64,Educação sexual com urgência,0.6830341353224328
46,Estratégia econômica da privatização do saneamento básico,0.7439731524135618
56,A solução é ressocializar,0.5384737504225152
74,Atitudes retrógradas,0.5328405997464705
71,Suicídio entre jovens,0.5328797184148714
61,,0.6497418065695829
43,A cultura do cancelamento nas redes sociais.(h),0.4444648481045623
85,Lei via internet,0.5610459437187024
74,,0.6036685447414487
54,,0.5196931789887468
78,A reforma do ensino médio,0.6379742267660712
61,O século da depressão e do suicídio,0.4729568767471654
77,,0.4825752497662467
60,A importância da reforma no sistema previdenciário brasileiro,0.44063794059893785
80,Educar é preciso,0.35315286117853195
47,Se educar é preciso,0.433265030599931
59,,0.5834133024989205
62,Internet,0.5053291119158622
48,SUS,0.6589576381020095
71,Como combater o suicídio entre os jovens,0.5284835173660973
62,A falsa liberdade de expressão na internet,0.5956865142720643
50,COVID-19,0.5344150289084747
78,Atitudes equivocadas podem destruir um país,0.5156137633851156
58,,0.598779426669858
58,,0.5712998500431563
75,Um tiro no próprio pé,0.545672111714083
46,Saneamento Básico no Brasil,0.5647792510883523
85,Problemas da Carta Magna,0.6045968997651778
70,O desinteresse que está adoecendo os jovens brasileiros,0.46560848947105615
47,A democratização do acesso ao EAD,0.6419517669263451
43,Tribunal da Internet,0.598024324766882
44,".""Let Her Run"".",0.4545852589066408
47,Dificuldades na educação à distância brasileira,0.5243908771424192
52,Gravidez precoce,0.5825155978041336
82,Remédio não é bala,0.5580943385105818
54,,0.5133189629511277
48,A importância do SUS e os desafios no cenário atual,0.613693669343037
55,Índios,0.6919404561419804
75,Sem segurança não há avanço,0.6569409455584581
85,Ainda há solução,0.4311661335007801
46,Será possível ter um saneamento básico de qualidade sem privatização do serviço?,0.7574255165319853
82,O uso indevido de medicamentos,0.635711438659726
63,"Tragédias ambientais, como evitá-las?",0.4817911805518348
80,O racismo no Brasil,0.5990909193851626
83,Esporte é saúde,0.3410081881642738
72,O questionamento coletivo finda as fake news,0.6685179280239201
59,"Alimentação, um direito ignorado.",0.4893724992700059
63,,0.3170060123874504
81,A fé no respeito como tolerância religiosa,0.6392361666753612
84,Barbárie social em questão no Brasil,0.48855340086366056
44,Mulheres São Todas Bem Vindas,0.475409947721239
85,politica* e educação,0.5364422515378896
59,Fome,0.6358282059686076
63,A indenização é uma punição ou não?,0.474071538458232
58,,0.713602717273398
83,o que podemos aprender com a pratica* do esporte,0.5612290018998339
55,"Indíos, a herança perdida do país",0.3796056676362793
53,A influência das redes sociais na vida das pessoas,0.6077310443457061
48,SAÚDE PÚBLICA NO BRASIL (bdsm),0.5340919175855974
64,As dificuldades e os resultados da educação sexual,0.3857534405804072
44,Será que Somente Hormônios Nos Definem?,0.529012160020844
43,O cancelamento nas redes sociais,0.45701323936812654
60,O bem necessário para o Cidadão,0.47642164378805807
56,,0.43124561059212413
48,SUS,0.6981398550623696
56,como reverter cenário da atual situação carcerária do brasil,0.5424082560757107
84,Estatuto do controle de armas de fogo,0.6243120135279024
59,Desigualdade na mesa,0.5210046546477077
48,Brasil e o SUS,0.6155251056158985
82,Automedicação,0.5983715412866866
51,Analfabetismo Funcional,0.5356257688848622
81,,0.4532945747820929
50,Coronavírus,0.6449203144089872
51,Luana Lovilna de Oliveira,0.5163760897905109
56,Em combate à visão punitivista,0.6295458843594074
45,Tratamento justo!,0.5823078820241843
59,O descaso do investimento no povo brasileiro,0.27422532151541235
49,"""Trabalho""",0.48965169878316867
47,Impasses na educação remota,0.5550743894864602
70,Precisamos falar sobre DSTs?,0.49822934551283654
68,O patrimônio histórico do tédio,0.5062297957419674
61,O Suícidio De Policíais.,0.53489450308077
46,---,0.6790692209108772
80,,0.4734095125178757
49,Influenciadores ou manipuladores digitais?,0.3927871735201888
69,,0.6542967495214997
48,A importância do SUS aos brasileiros,0.6695286638648849
46,Privatização do saneamento básico,0.5592625232866845
63,Grandes corporações e suas influências no meio ambiente,0.3874630272760106
50,Coronavírus,0.477558811214686
83,,0.45648392674602334
84,Porte de armas,0.32899102134666325
46,Privando os direitos básicos,0.7987735831247785
49,Infomarção Digital,0.40486314134568124
73,,0.4219230524450014
47,....,0.5113128429208937
82,Automedicação não!,0.5573945144643229
56,O vão entre a punição e a humilhação,0.4084912302620642
83,Esporte sem miséria,0.5370724596563298
69,,0.5926280151914659
43,A INTERNET DEVE SER UM AMBIENTE AGRADÁVEL,0.6025128877092633
71,Suicídio dos jovens no Brasil,0.5827595077998715
83,A educação que combate as doenças,0.5962721268778438
51,Precariedade da educação,0.5290191652152655
64,Sexualidade precoce das crianças,0.45606208610217447
54,,0.47999321529404043
56,Cárcere,0.5559829975093393
76,,0.6817199982149738
75,,0.4362945973306005
76,O desafio de ser mulher no Brasil,0.6485744108209206
59,"Fome, assunto que não se deixa para depois",0.49857499538931505
49,A sociedade do espetáculo,0.57054444995074
70,Prevenção.,0.38515939012414474
64,,0.5647827967620257
60,Reforma da Previdência,0.6101111638672742
51,No brasil alfabetização,0.2924204425811106
48,Relevância e Obstáculos do SUS,0.6505092749842162
58,,0.37405656316003805
47,"A educação, agora mais que nunca, mostra-se deficitária",0.6400419869570692
83,Respeitar as diferenças para atingir a igualdade,0.5334727926103286
49,O papel dos influenciadores digitais,0.5656293310118365
55,Nossos irmãos.,0.453031726935082
73,,0.48885483545070657
56,situaçao carcerario do Brasil,0.46120828671688663
56,Uma solução para a atual situação carcerária do Brasil.,0.420915514794849
46,Sou Mil PE,0.7530889333162369
45,AA - ABUSO DE AUTORIDADE -,0.5038924652123306
47,EAD PARA TODOS,0.6577084106908031
47,"""...""",0.3712718746839159
85,As boas decisões antecedem as melhorias.*,0.40838106607658126
74,Perpetuação,0.6293724904722454
45,A persistência do abuso de poder.,0.480301874708232
57,,0.5732051747190431
84,Porte de armas,0.5243165329155888
75,,0.6050917290556096
81,Intolerância Religiosa,0.5524064238037973
76,Características Anatômicas,0.5809377004346721
50,Ciência ou Achismo?,0.4546002670225432
49,A importância dos influenciadores digitais no seu meio,0.3823063972724206
47,"""Não tenho internet em casa""",0.42172598141654954
84,Ensinamentos Pitagóricos,0.4752920631128382
83,Prática esportiva,0.41938584543571744
50,"Coronavírus e ciência, uma discussão social",0.5361738482548805
80,Racismo,0.5306497961228277
43,A Lei do Cancelamento,0.46551612807286424
65,Educação,0.4238278064694491
50,A sociedade e a ciência em si,0.4360851248974669
83,,0.48313954686160865
56,Solução para a superpopulação carcerária,0.3654650105379576
82,Auto Intoxicação,0.5511185927790692
52,Dever,0.4915312937535995
81,,0.4014439178448918
47,Educação à distância no Brasil e seus desafios,0.5225132408096534
70,A conscientização ainda é um caminho,0.49730336229650307
79,Instabilidade carcerária,0.6144050802065472
72,A Geração tecnológica influenciando a humanidade,0.28434881264051703
82,,0.5957991332836698
82,A questão da automedicação,0.5306581639163159
82,Os perigos da automedicação,0.4933078121953208
73,,0.5952387276503573
56,Caos carcerário,0.4218209319323984
52,Jovens Mães,0.5485155509982216
56,A Situação atual do Sistema Prisional,0.4981026089853271
62,,0.46845523484955426
85,Pratica da democrâcia*,0.5350533703603428
52,Os problemas da Gravidez Precoce,0.4059393822595897
71,Não tenho nada a perder,0.36827207217168645
50,Pandemia- Covid19,0.28839506810224486
55,A conquistas de direitos,0.6985889512164906
84,Engatilhar não é solução,0.523070450632318
50,Como a história nos salvará?,0.3910400157365734
72,,0.5370269484587694
70,Doenças sexualmente transmissiveis(DSTS),0.5659088708271213
59,Quem tem fome tem pressa,0.501217498541001
57,Cinema lazer para poucos,0.6748123300706184
85,Com Amor Servir,0.3292290309344733
46,Universalização do Saneamento Básico,0.7137920801459965
46,000000,0.7255042516271132
68,não existe futuro sem passado,0.5676854377249596
76,Direitos não devem ser utópicos.,0.592794457633433
79,,0.49772765916764933
57,-,0.5590467741925066
49,Os formadores de opinião na era digital,0.435055311320173
49,O papel dos influnciadores digitais,0.4295801012116603
70,Está faltando conscientização.,0.4390442990184424
84,O tiro da segurança,0.42524683098517674
49,Garoto Propaganda,0.4509353515532702
68,Dever Cívico,0.6234569856965688
83,Os prós e os contras da atividade física,0.292479524960308
63,Respostas para o futuro do Brasil,0.588926963356452
48,Impasses do SUS,0.6341076938090668
59,Fome no Brasil,0.4792775017347779
81,Não à intolerância religiosa,0.39848936938041646
63,Nós contra nós mesmos.,0.4349645216078419
54,,0.43775402360306753
78,A polêmica do novo ensino médio,0.6649372454955451
48,Desafios da saúde pública,0.4527046438947373
43,My name is Xavier.,0.39052968467668914
67,"Questões Indígenas, uma discussão social",0.521123278569829
82,,0.6987519035919068
58,Ficção ou futuro indesejado?,0.597434606282765
73,Onde está a segurança para todos?,0.472737328959989
78,,0.4976855982025327
75,,0.46138283359872473
82,O melhor custo-benefício,0.4071201054388475
82,A Contrariedade da Automedicação,0.6036467248705588
67,,0.5636515302900523
43,Cultura do ódio gratuito,0.5257502223047255
58,,0.3811370104348089
45,Combate aos autoritários.,0.42452975737466014
76,Das mulheres aos transgêneros,0.5512755499623638
48,SUS,0.7215794649235093
72,Direito a informação,0.7506293744403565
51,"Analfabetismo funcional, um problema social",0.5343463161714964
85,Soberania popular,0.6176862308073013
55,Direito Indígena,0.4357084094646319
48,A importância da saúde pública no Brasil e a dificuldade em consolidá-lo,0.6376205969447541
52,A escolha é sua,0.2750722893938466
60,"Reforma da Previdência, uma discussão social",0.5947039049940757
56,A vida no cárcere e a atenção que ela merece,0.24373716971101456
51,Analfabetismo no Brasil,0.38781654420594863
62,Linha Tênue,0.5382539251511811
48,A Saúde Pública no Brasil,0.5636659323923852
63,Quais as soluções para os impactos ambientais resultantes de grandes corporações?,0.5937977301633476
61,,0.46735546766941655
62,A falta moral e ética nas redes sociais.,0.3763801034215523
58,Quando vai parar?,0.5530152304780105
44,Direitos iguais e dignidade para todas as atletas,0.40606526705863955
47,Paloma maria santos,0.5860148802720755
84,Agressão Destrutiva,0.43646513646611107
45,Violência policial no Brasil,0.6557868726841468
79,Combatendo futuras rebeliões,0.41034824712655793
59,Oportunidade e acessibilidade,0.37433671863319734
46,Privatizar o Saneamento Básico Do Brasil Resolverá o Problema ?,0.6438613397369949
52,Gravidez na adolescência,0.4402688937461862
83,A ferramenta de mudanças e beleza,0.5702768658082249
73,,0.4475512573085273
69,O uso abusivo do agrotóxicos na agricultura brasileira.,0.7415184949722599
46,04 - FBS,0.7396510442392653
50,o combate para essa epidemia,0.37897503226106
50,O esquecido incentivo à ciência brasileira.,0.6106725267016554
53,O mundo com outros olhos,0.47066324325993947
44,AB - Let Her Run -,0.5470657592813144
44,Injustiça contra as mulheres,0.5233312448670303
78,"Mudanças sim, mas em conjunto",0.568988790132051
81,O  Respeito é o caminho,0.6394074535637045
76,,0.7132312911830598
52,Gravidez Precoce,0.5796857081239349
81,Redação (Sem titulo),0.4942693763473808
63,Impactos da Modernidade,0.5338364895337777
48,SUS,0.6342516524809115
43,25/02/1997,0.4294756566252011
79,Sistema carcerário brasileiro,0.4791061007858456
62,Igualdade nas redes,0.5612480308891499
61,Suicídios e polícias,0.3741431143035369
69,,0.7181458446848107
78,,0.5905521309760003
77,Homofobia,0.40619511476033904
84,,0.5555679504053412
50,Combate ao Covid-19,0.3819048004609782
76,,0.543440436456474
50,Ciência como combate ao Covid-19,0.6382749238759757
84,Porte de armas no Brasil,0.6056437092416512
57,A democratização do acesso ao cinema no Brasil.,0.709473070110729
51,A educação no Brasil,0.4651731408525487
48,Saúde Pública x pandemia,0.5059429294885865
72,Fake news uma problemática social,0.4964329619612444
85,O livro que rege a nação,0.5273332983806815
82,Prevenir é o melhor remédio,0.6064501890350188
47,Educação a distancia no brasil e os seus desafios,0.5848215654250961
59,,0.3982510771969403
44,Sociedade machista,0.3147521150920696
83,O poder do esporte na sociedade,0.5685185974696672
58,"Dea E QUEIMADAS NA AMAZÔNIA, CAUSAS E CONSEQUÊNCIAS",0.6652396432747213
57,Cinema-atraso,0.613554271527413
50,A ciência como instrumento para o desenvolvimento societário,0.4998470664633968
63,Reumanizacão da Segurança,0.293399973625525
51,Analfabetismo funcional,0.527438717662226
58,A biodiversidade brasileira está ameaçada,0.6837082258578124
66,,0.34305601777019734
57,A democratização do acesso ao cinema no Brasil,0.7373128126205674
62,Umberto Eco tinha razão,0.6964893893452184
56,Marginalização desnecessária,0.5698950468735394
83,Esporte como instrumento de manutenção social,0.5261291049252302
81,A história é o grande exemplo,0.4166591848408349
74,A violência contra a mulher,0.46489271134209303
50,"Corona, o vírus diante da ciência",0.43132169909933266
82,"Automedicação,quando a solução pode ser um problema",0.5130301009920294
47,EAD na realidade dos alunos da rede pública,0.6469374276932844
50,Respeito maior ao conhecimento,0.5188892998183408
64,Educação sexual,0.6255287997973381
57,O cinema no Brasil,0.6078418247196455
57,,0.595547742709988
51,ANALFABETISMO E SOCIEDADE,0.40078552979926096
47,Sou Mil PE,0.5804769582606386
44,Os limites às regras da competição.,0.426056072021064
73,Igualdade para quem?,0.499756307883375
54,,0.4853987895954959
65,A redução da maioridade penal resolveria o problema da criminalidade jovial?,0.3984944124517264
72,A verdade não mente,0.4100580630432898
46,Lucratividade Primeiro,0.612713846526449
50,coronavírus,0.42451057194460085
72,,0.41287273163546007
75,Precisamos falar sobre armas.,0.5443785021649579
56,Situação da população carcerária no Brasil,0.5149024304497707
55,Indianismo contemporâneo,0.6252733544830316
65,Criminalidade entre jovens reflexo de um sistema educacional defasado,0.5435603753702806
59,,0.615882037553098
59,A fome no Brasil,0.5920451633226624
48,Sistema único e eficiente,0.6561051884478963
49,O poder dos influenciadores digitais na vida real.,0.586197712344593
56,Os encarceirados,0.5624191248295819
70,,0.4370324020146328
51,Analfabetismo funcional no século 21,0.43193505542049826
63,Quais as soluções para os impactos ambientais resultantes da ação de grandes corporações?,0.47398634429417924
44,Uma mulher não tem que provar que é realmente mulher,0.4514755983879345
49,Influência digital,0.5184025179478944
83,"Boa performance, com respeito às regras",0.4725533207408589
82,Auto-anamnese,0.4163209060326974
54,Vacinação para todos,0.6179421103625363
52,É preciso mais informação,0.40604344902892675
58,"2019, O ano das grandes queimadas",0.46869640179228994
78,Uma reforma positiva ou contraditória?,0.634984437969659
84,Porte de  armas no Brasil,0.5251316062434835
73,Correntes do passado,0.6000992932283375
82,A resposta é sim,0.476389757055067
74,Feminicídio no Brasil,0.5889726486766572
43,Cultura do Cancelamento,0.4262593669906555
68,"Patrimônio Histórico, é a nossa história.",0.5497350310244037
55,A importância da valorização dos direitos,0.5846447899642291
47,JXP-EAD no Brasil,0.624005637414984
71,O problema do suicídio entre os jovens,0.5591004684199421
57,,0.597427076266624
74,Etnocentrismo de gênero,0.6304297281675779
47,DESAFIOS,0.46518181441642387
56,A situação atual dentro dos presídios no Brasil,0.46718298820817905
50,A IMPORTÂNCIA DA CIÊNCIA PARA COMBATER UMA PANDEMIA,0.40513956287425074
85,A Decorrência do Estupro,0.1375538033634358
56,A hodierna precariedade carcerária.,0.44563000414250153
53,sociedade e imprensa,0.5966190726565476
68,A importância de valorizar o patrimônio cultural no Brasil,0.4078295880965866
82,O problema social da automedicação,0.5074482822957543
73,Direitos iguais,0.3854353155778238
62,Redes Sociais,0.6210273865469702
58,,0.44718503795158693
46,Privatização Do Saneamento Básico,0.5298530798192068
43,A Cultura do cancelamento,0.588053538475615
54,A vacinação e sua importância,0.5927351847390878
63,O retrocesso e a ambição do ser humano no meio ambiente,0.4311097360002263
83,A IMPORTÂNCIA DA PRÁTICA ESPORTIVA,0.4183039756582835
46,A privatização do saneamento básico brasileiro,0.5066242714613887
84,,0.6736860750600084
51,Analfabetismo funcional,0.5092859623857794
60,A escravidão mascarada de reforma,0.6759405588518299
59,Fome dói,0.23234917872239863
65,O jovem e a criminalidade,0.5703417597773487
46,Saneamento básico,0.7197572985880938
76,O Legado da Desigualdade de Gênero,0.46332416313537617
74,Sociedade desenvolvida e o respeito as mulhres,0.5518002500521093
55,Primeiros Povos,0.5830301820109445
43,Os males da cultura do cancelamento nas redes sociais,0.48849981553936983
74,O RESPEITO AOS DIREITOS DAS MULHERES,0.4824622547465341
50,Coronavírus,0.6118384638496756
52,As causas da gravidez precoce,0.5513030379600372
52,Reflexo da distopia,0.31869689350927055
48,O desenvolvimento para um sistema de saúde melhor,0.605728869978329
78,Medida Provisória,0.3445883999770088
58,,0.4928042377320798
59,"Fome, um problema atemporal.",0.5454461188363441
51,Analfabetismo funcional no Brasil,0.44400314353412057
83,Rio 2016,0.4529467910861208
71,Os 13 motivos.,0.5238469793375993
80,Não é mal entendido,0.45832263250165994
49,Disseminadores de idéias,0.4230793231588919
72,Uma mentira dita mil vezes torna-se verdade.,0.5245972899969658
65,,0.5592908239969562
46,Privatização,0.7158791789599546
84,,0.42257943091193634
65,As causas e intervenções da criminalidade entre os jovens,0.4609509784276232
75,,0.4373938190502663
46,REDAÇÃO,0.6847016434856787
52,Planeje seu futuro,0.5456925289442915
78,Por uma decisão melhor,0.6168201348635522
68,materialização do passado,0.5143224709052031
70,,0.5009960408931138
57,,0.5521213384252639
79,Segunda Chance,0.306425175891145
51,Analfabetismo no Brasil.,0.43057666623100443
51,Caminhando forte e seguro do presente para o futuro,0.2387635704408998
81,Pensamento Alienado,0.5821253506726688
65,Questão social no crime e educação,0.37434091972334593
84,,0.6361086696874999
43,Política do Cancelamento,0.42998252826307015
79,Em meio ao caos,0.5368820024190967
46,O descaso público em forma de privatização,0.7202684621589959
43,A cultura do cancelamento e suas consequências,0.6325180295296331
81,A ditadura do século XXI,0.4904169449504897
71,Ato final,0.7126594904179487
54,Vacinar é proteger,0.6608690069127018
51,Alfabetização brasileira uma questão de emancipação,0.47933028243730225
54,É preciso ressignificar a imunização ativa.,0.5250145175766862
43,Os motivos da cultura do cancelamento no século XXI,0.4738674766270333
60,Reforma necessária,0.6357630254934401
72,,0.6020889097541123
48,SUS,0.5265352030961353
47,Os díspares entre o avanço tecnológico e a desigualdade,0.4864001230202823
45,Abuso de autoridade no Brasil e seus impactos para a sociedade,0.46129239934700544
47,Dificuldades na Educação durante Pandemia,0.4431198063371931
48,SUS,0.4205893737142096
69,Bem estar,0.6285319137536991
73,Oprimidos pela cor,0.5995029601550111
71,Cessar o mal pela raiz,0.3609218625365716
82,Automedicação,0.6364762509851987
76,Desigualdade de salários no brasil,0.5301951622729916
59,Oportunidade,0.5382859021468843
51,O analfabetismo funcional,0.568522406358582
58,Preservando a natureza,0.35176056149928764
51,Analfabetismo funcional e sua relação com o governo.,0.503959435848601
84,Porte de armas,0.5465593481947136
70,Combate das DSTs entre os jovens no Brasil,0.512188681359075
62,A repugnância na internet,0.4840495777735787
57,,0.3287786279659466
54,"Longe da ignorância, população protegida",0.6669269833835694
59,FOME,0.6448378795269849
62,Ódio na Internet,0.44783232873289563
43,"A quebra do ""Contrato Social""",0.4385925626045249
74,A pormenorização da mulher na sociedade brasileira.,0.23678583927583816
73,Desafios encontrados pelos negros atualmente,0.517164999969919
72,,0.6031533957800554
76,Lugar de mulher é onde ela quiser!,0.5009698480455974
55,Não deixe a história morrer,0.3703404734909411
70,como combater o aumento das dst's entre os jovens brasileiros?,0.5541505534035001
83,Esporte,0.48346907732121014
52,Gravidez precoce,0.5657825267673573
72,Fake news em ano de eleições,0.5155404783187336
45,"Abuso de autoridade,um problema social",0.568681293774975
85,Leis - uma nação participativa,0.5075660365004577
58,desmatar não é certo,0.4409200861134869
85,,0.5414512327384949
47,Democratização da Educação,0.5976101190188726
55,,0.6716711283957748
43,cancelamento crítico,0.3874766533934303
49,Maturidade dos influenciadores digitais,0.49397841130267867
82,Consultar o médico é o melhor remédio,0.6437958364081409
48,Os desafios do Sistema Único de Saúde brasileiro,0.5916642726327028
71,,0.5354015387596234
59,O preço de não nascer em berço de ouro,0.6495074866168967
62,haters,0.6449541483455633
70,DST's e a necessidade da evolução familiar,0.4307065216279929
43,Lacuna nas diretrizes das redes,0.34487337688159986
54,,0.5180411109396177
44,Let Her Run,0.6486624107247018
71,O Efeito Werther durante a adolescência,0.6192200724448697
71,Algumas conversas podem resolver.,0.48597066623584717
70,Doenças sexualmente transmissíveis e a quebra dos tabus familiares,0.3404377240516391
44,Deixe Ela Ser,0.46349804860850985
44,Padrão social define a mulher,0.3168827428097345
81,"Povo pacífico, não mesmo",0.5423793235647228
73,Cicatrizes do pós-colonial,0.5365959500383339
68,Recordar é viver,0.3844694487676303
59,Crise Econômica e Corrupção,0.5238393605552606
48,SUS no Brasil,0.6841171510631234
46,P,0.6730151193711222
66,Mudança de atitude e cuidado,0.43178964056342556
73,,0.6930382287403241
49,Influenciadores digitais,0.4588023562796048
44,"Vantagens Naturais,Mas Desiguais",0.5449838231772537
46,Privatização do saneamento básico (redação 2),0.5089616025385391
57,O cinema e a emancipação do ser,0.5893898839467974
48,A importância do SUS na garantia do direito social à saúde,0.7192834075745287
57,Democratização do Acesso ao Cinema No Brasil,0.7232462401917088
59,,0.5446811833600204
49,Bianca Ribeiro,0.4913591435020935
54,A Revolta da Vacina retorna,0.5088792345283408
52,Gravidez precoce,0.6034976659017464
59,,0.3701369958493374
60,O OUTRO LADO DA REFORMA,0.5478887009663075
56,Uma Nova Consciência,0.36071209595918885
75,A maior arma é o conhecimento,0.48588013854344764
75,,0.4286965265536387
82,automedicação,0.6214214947469445
84,,0.5182350125059075
82,Automedicação,0.5050124062700397
48,O SUS é importante,0.5257427326221572
83,Esporte,0.5098034562958054
47,A nova onda de desafios na educação brasileira,0.5527371007320013
70,,0.4243546977966064
63,,0.49018021940844697
70,Educação e informação = Proteção,0.6053092209002233
73,,0.37820977537878475
82,Automedicação,0.4951826131590058
74,Cultura do machismo,0.4482631023253182
84,Uma aprovação necessária,0.6516350681813506
83,Como exercitar?,0.48803034180010285
73,,0.5542895621375101
52,Gravidez em crianças e adolescentes no Brasil,0.6315758528901076
83,,0.4493999044188197
46,Privatização do saneamento básico,0.6807081206051288
81,,0.44262147530129287
50,Pandemia do século contemporâneo,0.5394511518093668
63,Progresso?,0.535919008740606
73,,0.6695079329477905
70,O problema no Brasil,0.453915265487914
73,Problemas Raciais No Século XXI,0.5047609578534304
52,Gravidez na adolescência,0.6656179156421193
50,A ciência e as dificuldades oriundas de uma pandemia,0.44602975004341916
46,Problemas de gerações.,0.6129617906640117
81,Desafios para dissolver a intolerância,0.7078864704266594
58,As queimadas na floresta amazônica.,0.6937324873678122
55,A importância de valorizar e garantir os direitos dos indígenas no Brasil,0.4264795290887381
75,Armas e a ideia equivocada de proteção,0.6157215571350169
48,Empecilhos enfretados pelo SUS,0.6762581405909088
52,Educação sexual é a chave,0.5300380485145059
78,A REFORMA,0.6938381432044443
78,Mais Educação,0.5302911876975143
82,,0.3948572860356268
68,,0.47988378849837254
62,Cadê a humanidade que estava aqui?,0.4522149554522316
56,Sem direitos humanos,0.4372427286939445
74,,0.5485966988766778
75,,0.5454283191803072
44,??? •-•,0.47403601662034023
54,A ineficiência do sistema de saúde brasileiro,0.45087716542058875
85,Participação popular na política,0.4128970491782819
68,,0.4962377269999549
63,,0.38160639057234397
50,a preocupação de todos,0.6239803693755769
50,Corona Vírus,0.43620685290842803
73,Desafios encontrados pelos negros atualmente,0.45334810050723984
76,Equidade um direito humano,0.42353499390915234
84,,0.3998107216338713
59,Fome,0.39965361020634177
64,,0.5896192827189097
46,O novo marco da Lei  11.485,0.7171120382693807
73,Até Quando?,0.47318654787825043
81,A fé na liberdade,0.5369734397707001
54,Vacinação,0.48364011099371984
48,saúde é  primordial,0.45793944024958755
63,,0.48207947488138864
76,,0.5994104760623669
49,Criação de imagem para convencimento,0.43679315633296034
78,,0.6627274696234983
55,A importância de valorizar e garantir os direitos dos povos indígenas no Brasil,0.5635655474998795
45,Autoridade no Brasil (g),0.5661154119269834
59,,0.6139646833179792
44,A sua genética - s,0.5080734388560827
60,Trajetória até o topo,0.4609555380177636
52,A Educação Sexual é a chave,0.534015362532144
60,A Farsa da Reforma da Previdência,0.5266162360283816
58,Capitalismo acabando com a biodiversidade,0.6768685101458584
83,Invertendo o placar,0.4542272583991705
43,O aumento dos discursos de ódio e cancelamentos nas redes sociais,0.3940478201261599
54,,0.5749844745084147
63,,0.4898182742468819
63,,0.4553024373466882
62,O Espetáculo de Horrores de discurso de ódio  nas Redes Sociais,0.49937204065265406
76,,0.6466827460292537
55,,0.607591228770086
54,O retorno dos males,0.5967959440662668
79,"Um problema, grandes proporções",0.5788236971411107
60,Reforma injusta,0.5915662464741289
54,,0.5459483881439074
63,Pressão econômica,0.4120340806773966
52,Gravidez Precoce,0.53527795219073
76,,0.3799911183932639
47,Eda,0.49318297411473094
63,Terra de gigantes,0.5787718270191374
48,Os problemas da saúde pública em questão na sociedade brasileira,0.5396313484498005
73,Segregação,0.5549370319024887
51,Analfabetismo funcional mais uma variante do contexto educacional,0.494446960179664
56,"Criminosos, cruéis ou sem estudos?",0.489030333858355
75,,0.6629128543921432
62,O discurso de ódio nas redes sociais,0.5543308774273582
71,Transtorno (in)esperado,0.49355333170554166
45,Abuso de autoridades no Brasil,0.6521507534592731
52,Adolescência Interrompida,0.6424399830679915
46,AA - PRIVATIZAÇÃO DO SANEAMENTO BÁSICO –,0.5402441234360275
49,..,0.4177000454691292
71,Suicídio entre os jovens,0.3958957724522993
65,A volta dos Brasileiros a Escola,0.2984004353403311
60,"O meu,o seu,os nossos direitos de vida!",0.48982815750325126
68,Preservação histórica.,0.5446318091573313
73,"A Cultura pode ser o caminho, já iniciado",0.5011931348326462
52,Gravidez na adolescência no Brasil,0.43289781470897176
54,A Proeminência do uso das vacinas,0.5262144194070412
65,,0.5417478046356233
65,Reféns de um Estado,0.5087438742822176
83,Espírito Esportivo,0.6178012206366943
53,A influência dos meios de comunicação,0.6037050703974433
46,UM BEM DE TODOS,0.45372630909038747
59,,0.4952257802923795
84,Esta não é a solução,0.5969546417881394
81,O preço da aceitação,0.4999452698943269
78,,0.37577168233088504
83,O desenvolvimento atrelado as* práticas esportivas,0.45273486361174087
43,Cultura do cancelamento,0.6212327203615231
82,Automedicação,0.4976793010561785
83,Saúde em primeiro lugar,0.3568666489365441
45,A Lei Deve Ser Cumprida por Todos,0.7341278822193473
52,Gravidez precoce,0.6103665614271605
64,A educação.,0.5249578221281602
82,Tomar remédios é uma opção ou obrigação?,0.44813409860594033
63,,0.4167581226122319
54,A importância das vacinas,0.5358986989333748
65,,0.48160060519403525
60,A reforma da providencia e o retrocesso,0.4552883043969226
71,,0.40846162711354994
69,O uso de agrotóxicos no Brasil,0.627017329049037
44,O preço para ser atleta,0.5550240061196151
59,,0.4880870686279893
59,A fome e a desnutrição,0.4702665551964486
48,Saúde,0.5723200044291749
75,O direito à autodefesa,0.454032772607628
77,Homofobia,0.42354338550244885
51,A necessidade de uma restruturação na educação brasileira,0.543230376898714
84,,0.5198506887732234
60,reforma da previdência para estabilidade do brasil,0.4349811991003644
76,A EVOLUÇÃO DAS MULHERES,0.4314735834172099
84,Porte de armas pela população civil,0.6543263726614685
81,,0.5863416416891081
51,Educação Inibida,0.2892663635598241
55,A importância indígena,0.4762089254449983
82,,0.4548215361048276
74,Feminicídio,0.41435825846863755
78,,0.5843531746337756
55,Valorização do Índio,0.6944459185865164
45,...,0.5432571501142214
82,Automedicação,0.5510057174616949
69,"Agrotóxicos, são tóxicos?",0.6686903160302143
78,Uma mudança necessária,0.6649027336858375
67,A desvalorização da cultura indígena no Brasil,0.6123095367062507
75,O Poder de Fogo,0.4915372160300416
47,...,0.598423968420748
51,Analfabetismo funcional no Brasil,0.33604389276418717
52,Cegonha imatura,0.5165360466231124
60,reforma da previdência,0.7382086915324307
70,Informar é preciso,0.5597846008976466
72,Desastre Iminente,0.338347330405029
76,A luta contínua,0.6239502841115739
51,o analfabetismo pode ser resolvido,0.4486528722941031
43,!!!!,0.4822232017332203
81,Sociedade justa,0.39622220204393044
43,0000,0.5663978039237445
60,Reformar ou não reformar? Eis a questão.,0.6011605011877018
78,Parece que querem fazer do trabalho a solução da questão da educação no país,0.47394434192815893
74,O feminicídio na sociedade,0.5877499063794904
80,Superior é ser Humano,0.5549268017123667
84,Defender-se ou combater?,0.5785643250814922
50,A ciência é importante no combate das epidemias?,0.5605988528855727
85,Produção de democracia,0.5342945565827465
57,,0.6236536868859937
54,a força suficiente,0.5046625067066528
66,Alegoria Algorítmica,0.5647368867001236
82,Melhor do que reprimir é ensinar,0.5438669450360056
54,É preciso sobreviver!,0.5926514600403254
48,.,0.7558348080235139
64,Quebrando o Tabu,0.44249372963181977
69,Plantações sem o uso de agrotóxicos,0.7157985849340456
47,A aula remota como uma realidade próxima.,0.5996487909436609
63,,0.4638620004986836
44,Direito da mulher em ser,0.48612340978297125
50,A importância da ciência no combate a doenças,0.5022410388294494
43,Lixamento virtual,0.42034417222595843
45,As Manifestações do Abuso de Autoridade no Brasil e suas Soluções,0.5946530518949331
57,,0.4439756825908779
50,As novas descobertas na ciência,0.5128965987003647
44,"Direito das mulheres, uma discussão social",0.4931772737483555
83,O esporte e a inclusão Social,0.5210940572045852
48,Sus,0.4892124252502462
55,As raízes culturais,0.4984495804348645
64,Escola vs Família,0.5460690974422515
51,Analfabetismo Funcional,0.598173132803216
75,Armas de fogo são a melhor opção?,0.4517465597434255
71,Geração Z e o Suicídio,0.5373029541909103
71,,0.596509612685062
50,Ciência para um mundo melhor,0.5809952809831218
44,A rebeldia de necessidade,0.4247323802496394
83,É fundamental a pratica* esportiva,0.6131750426296892
49,Influenciadores digitais,0.39251601680842974
83,O Esporte Uma Lição de Vida,0.4544050333099653
62,Intolerância,0.6539814907551365
62,Não à liberdade de ofensa,0.488349100870626
57,Só existe democratização com o cumprimento da Constituição,0.6555994943886444
59,A fome como resultado da ignorância humana no Brasil,0.5345626308527665
75,,0.6024465029609584
84,Violência gera violência,0.6096803407975543
78,,0.7099241151724257
72,Click,0.6205127133678876
43,Tribunal do ódio,0.501154962717694
84,Armamento civil,0.6194041329884288
51,O problema do analfabetismo funcional no Brasil e suas consequências.,0.4505782392282785
83,,0.6609310705558125
82,,0.6143434788569133
57,,0.6528534903413002
63,,0.4195125492609013
83,Vote sim ao esporte .*,0.4918355646272591
45,Pagando pelos atos,0.5988551987161719
71,Incompreensão contínua,0.6336699746892627
43,Até que ponto é válida a cultura do cancelamento?,0.6491864847447938
68,,0.6099966436696491
57,,0.610182171981615
68,O passado recria o presente.,0.5164864624738804
84,O Porte de Arma de Fogo no Brasil,0.525563995398759
44,Let her Run?,0.521916793340022
70,Auto prevenção não custa nada,0.42896255697235486
66,Algoritmos super-estruturados,0.5992239039559878
63,Natureza vs. Extração de minério,0.33383391991067585
55,DIREITOS DOS POVOS INDÍGENAS,0.653496968306682
43,Opressão à opressores,0.44905237258794345
68,,0.6905069105999656
84,Porte de armas no Brasil,0.6121803328418965
63,Por quê industria?,0.34251450619632934
73,Brasil e o pensamento retrógado,0.2884271769917852
63,,0.47511068503053966
60,Deliberações incorretas comprometendo o futuro,0.4604135428777531
44,JXP - A VELHA SUBMISSÂO,0.42939304260571287
45,A conduta do uso do poder no Brasil,0.510716858118798
59,,0.5427504332812779
77,Liberdade e respeito a homossexualidadel,0.42924955337553067
54,"Vacina, a solução ou a causa para doenças?",0.6658970063931151
74,Trágica herança histórica,0.5932297692919761
73,Frutos da escravidão,0.5331728937548424
79,,0.45710947423020554
83,,0.46019069721965383
49,Os malefícios causados pelos influenciadores digitais,0.44427136952655055
51,escola é a solução,0.5977634354310883
47,jovens brasileiros,0.4185336381972455
46,Sou1000Do,0.7070765909236634
74,Feminicidio no Brasil,0.40125616882842424
43,A Necessidade de Discutir o Cancelamento,0.5087375385561771
55,O valor de uma cultura,0.4916127338851929
83,País do esporte,0.6224982503852774
55,A conquista do povo indígena,0.3265836207569236
59,,0.4544021973371147
84,Não as armas*,0.5763931315936517
78,,0.511839308663856
83,Somos todos um só,0.5781750678395481
63,Por mais fiscalização e menos ambição,0.41514823419561875
49,O papel dos influenciadores digitais,0.34124785524212525
52,"Mamãe, vou ser mãe",0.5222090460528949
54,A importância da realização de vacinas,0.554442554385674
81,O respeito às diferenças e à diversidade,0.6322974639882711
48,Saúde em apuros!,0.4450265473004402
56,,0.3421633226296337
54,,0.5320516648998369
47,Os obstáculos das classes menos favorecidas,0.49874263687687853
54,vacinação um preparo para o amanhã,0.5335493586660265
43,Os limites do uso das Redes Sociais,0.5329797239728153
72,,0.5445535170106676
55,Primeiros Habitantes,0.523268742060207
55,,0.6433589288593642
58,Desertar,0.6337843952931557
54,,0.6220474558798358
83,"Uma simples atitude, grandes benefícios",0.4596509294601335
83,,0.49629262501808963
70,Como combater o aumento das DSTs entre os jovens brasileiros?,0.5860070727312716
57,,0.5755227280130559
70,"DSTs, uma problemática social",0.3866987439791143
80,Ausência de cortesia e meios para solucioná-la,0.49361132906484606
70,,0.5107439649391631
78,Novo Ensino Médio,0.7079726560574768
58,De  heroína a vitima...,0.37565637996950135
68,,0.5917474476854232
69,,0.5317167851089825
51,Analfabetismo  É uma probema,0.30715771197777053
73,Nova História,0.43419429376943974
59,Fome,0.47707567540456863
76,A luta feminina pela igualdade entre sexos,0.624422016159536
78,Reforma do Ensino Médio,0.5388362817324656
50,Que a vida volte ao normal,0.5163844100480458
52,Gravidez na Adolescência em Evidencia no Brasil,0.4852263863820087
60,Reforma da previdência para a sociedade idosa,0.49214058362893376
83,Os resultados do esporte,0.5501161242746536
76,,0.3493619693085131
70,O combate as DSTs no Brasil,0.5493279992640973
50,Ciência,0.5902637011747974
43,As causas do cancelamento na democracia,0.569204742408534
70,Medidas Importantes,0.5959447961950773
68,A importância do patrimônio histórico,0.5350692937878564
55,O papel do Estado e da sociedade na valorização e garantia do direito dos povos indígenas no Brasil,0.6846311961813311
83,Pressão vs Benefícios,0.48114583659782684
45,Abuso de autoridade no Brasil,0.502694156138215
63,Quando o barato sai caro,0.40577448893885615
46,Redação 19 - Privatização do Saneamento Básico,0.6795324351034723
62,O problema do discurso de ódio,0.5105782733941009
57,,0.6825584512787465
55,,0.6429244230567253
74,,0.5882851599745444
62,A ira presente nas redes sociais,0.6094314468556815
85,Psicólogos em escolas públicas e privadas,0.1905505673517691
83,Caráter esportivo,0.3805374321071142
85,iniciativa popular,0.5665603824189944
52,Gravidez precoce,0.4982763601834667
79,Reformas Já,0.41251383412529274
83,,0.5887978413309359
55,Enquanto os homens exercem seus podres poderes os indios vão sendo extintos,0.5862555845567871
65,Falta de oportunidades,0.5450909175609
51,Desafios para o desenvolvimento econômico no Brasil contemporâneo,0.256888144858691
85,"Democracia, você sabe como ela de fato funciona?",0.5857372547435685
60,Um mal necessário,0.5460863593313747
76,Combatendo a desigualdade com exemplos,0.4693622905293047
59,Política,0.4243892639877905
43,A era do cancelamento.,0.4565464845757043
49,O papel dos Influenciadores digitais,0.27731075697156127
72,Sociedade atual e a sua falta de informação,0.525806643297796
56,Presídios Brasileiros,0.48846144770403344
66,O controle Midiático.,0.36211221902917534
72,Notícias falsas e suas consequências,0.6281575268764423
78,Retrocesso na educação brasileira,0.5696900932909349
82,,0.5005464833900122
70,,0.5156255274499074
44,""" e não sou eu uma mulher?""",0.47123021083616273
63,Por debaixo da lama.,0.3201673325010086
48,Desafios e importância do SUS no Brasil,0.5870638612741546
73,,0.34702462780419796
44,Redação 22 - Let her run,0.5424354531105273
84,O porte de arma para aqueles que estejam capacitados para possui-las,0.45132779653478255
76,Lado a Lado,0.4750347735571658
56,,0.3941317410300203
78,Reforma do Ensino Médio - uma solução ou um problema para a questão da educação no país?,0.4808057643741634
58,Desmatamento da floresta amazônica e queimadas,0.5924737619470717
57,,0.42828899998555087
75,Além de um gatilho,0.6810953711255204
56,Justiça injusta ou humanos desumanos?,0.45368822914993534
78,O Charles Chaplin não pode vir em versões coloridas,0.6577290438747629
46,Um direito básico,0.4788201779397363
45,O abuso de autoridade no Brasil,0.4720113089318385
81,respeito à diversidade,0.6268874379449036
65,Educação Doméstica,0.2759391944210744
68,NOSSAS HÍSTORIAS,0.4261003655133623
54,VACINE-SE CONTRA O RETROCESSO,0.4943056930430413
46,Privatização não é a resposta,0.7792494718167111
56,A atual situação carcerária do Brasil. Como reverter essa situação.,0.5599218951991833
43,É preciso responsabilidade virtual,0.449092178797718
59,,0.4172367106003763
48,Avaliação do SUS,0.5357509138248552
43,Cancelamento,0.4495466696893279
60,Perplexidade e resistência,0.2971518747353408
72,Verdades que salvam,0.6148416046219665
51,Conserta a base que o problema será resolvido,0.41539165092883545
46,.,0.5549131983982696
54,,0.5990138984663478
47,O contexto atual da educação no Brasil,0.5713170243351614
69,perigo invisível,0.39146685251983493
62,o mal entre as redes,0.5571510492598506
73,,0.5289273079698315
56,Esforço conjunto,0.4500241913072409
62,Responsabilidade do discurso,0.4792581422714704
78,Reforma não só no ensino médio mas também nas escolas,0.5914493925471707
60,NÃO! AO DESMONTE DE DIREITOS,0.508540691302151
46,Desvantagens da privatização do saneamento básico no Brasil,0.6270781627835346
75,O livre porte de armas no Brasil,0.48836276936245915
50,Ciência,0.41999110747227797
64,Pedagogia Oprimida,0.5639318233828261
65,Círculo vicioso.,0.5148635981333639
55,,0.5304572641500448
83,O papel do esporte na sociedade,0.4615115453326579
46,Favela não é despejo,0.37127166757128827
50,Pandemia coronavírus e a importancia da ciência,0.43075685264632324
51,Educação como forma de transformação do indivíduo,0.4436303072925837
84,Causas e consequências do porte de armas pela população civil,0.28723756509928766
50,Rafaela Freitas Caires,0.381806398672363
80,O combate contra o racismo no Brasil,0.6411915478975045
73,A superação pelo esforço,0.37311092195587126
46,Um direito de Todos,0.6324631748932086
76,Busca pela Igualdade,0.6411654291356494
83,Esporte venerável ferramenta da humanidade*,0.6311884345574663
59,,0.597331072170435
69,,0.617484880737472
70,Caminho para todos,0.559023711275383
84,,0.5933198248951485
60,REFORMA DA PREVIDÊNCIA NOS DIAS DE HOJE,0.2689080839718523
59,Para Resolver a Fome,0.5456403990164383
78,A nova reforma do ensino médio,0.6178994140503467
52,Problemas envolvidos com a gravidez na adolescência,0.5441921971867618
48,Alvo de reclamações,0.31401114389247514
77,,0.5836494670847615
72,,0.2790988975007823
44,O que é ser mulher?,0.521634634432685
71,,0.43885695001558844
74,Submissão das mulheres no Brasil,0.3889839883781022
56,O caos do sistema penitenciário,0.4250346471674708
45,Não ao autoritarismo,0.5424200587135012
62,Mídias sociais e os discursos de ódio,0.4152220772387821
48,MARV- A saúde pública brasileira.,0.6116314773003908
54,Projetadas para benéfico.,0.5793389107664073
81,,0.596193580380822
59,Um mal comum,0.5909807341586403
58,,0.3475276241654566
70,"Gerações X, Y e Z contra as DSTs",0.5945291793313048
82,A automedicação nem de todo um mal,0.5527525345291836
47,A distância na educação brasileira,0.5754016079807273
49,Mundo Digital x Meio ambiente,0.518058310450948
46,privatização do saneamento básico,0.7351609752713628
51,Professor têm uma cadeira vazia,0.5393893018278193
63,,0.45963863773892866
77,Homofobia,0.56365768025269
57,,0.49425261000674037
65,jovens no crime,0.5241626615765058
55,"Efetivação dos direitos indígenas, já!",0.48896224367921454
64,,0.4470848472358957
67,Descontinuidade indígena,0.6571261183462834
55,Salve o índio,0.24910196850464533
60,Solução que se torna problema,0.6669536010688674
54,A importância das vacinas para a sociedade,0.5420899408082436
78,Solução Vs Problema,0.3977345253023179
71,Suicídio entre os jovens,0.47294566511667707
54,A importância da vacinação contra as doenças já erradicadas,0.5866784640556371
60,A previdência Grega,0.702954723872579
48,Sus,0.46855108245336474
83,SAÚDE E BEM ESTAR NA PRÁTICA ESPORTIVA,0.3796531608618635
48,02,0.39041952265684393
70,Responsabilidade,0.5341100598335475
69,,0.6312328943636271
76,O desafio da desigualdade de gênero,0.4178411917198033
82,As armadilhas da automedicação,0.6208450946549189
56,A crise,0.5725425075533143
50,Doenças e a pesquisa científica,0.5457905831241443
77,Homofobia,0.420591755052476
84,A posse armas de fogo não pode ser banalizada,0.6626545441875817
50,A injusta sobreposição da política em detrimento da ciência,0.3368351920845507
75,Igualdade e proteção a busca pelos brasileiros,0.19996804043801636
60,"NECESSÁRIA, PORÉM DESIGUAL",0.4947104924628545
84,Falsa segurança,0.43639176698576054
43,A cultura do cancelamento nas Redes Sociais,0.624978755282746
85,Crimes contra a mulher,0.217197316417128
44,Caster Semenya,0.591582975892348
75,Liberar o porte de arma seria a solução?,0.4572810545715721
52,O Problema da Gravidez Precoce,0.6412190869023999
77,SOCIEDADE E ESTADO  UNIDOS,0.34902761940488436
81,Mais que tolerar,0.5825311257049158
84,Armas,0.62364156054907
62,Onde há ódio só existe dor,0.46865215472029514
49,Alienação ou informação?,0.5473080159502158
70,,0.6216755874891503
84,Epidemia Brasileira,0.606155451377352
65,"Criminalidade entre jovens, uma problemática social",0.4777218287872321
75,O livre porte de armas é um avanço social e democrático,0.4417605779429784
64,A educação sexual na escola,0.5338762334344144
71,O suicídio como a única saída para o sofrimento,0.5315154540934054
49,O que deve ser essencial.,0.3786601149438415
84,Insegurança armada,0.6643601804278525
78,Reforma na educação e suas consequências,0.6215216118083846
45,***,0.5466610700515991
44,Crise hormonal no desporte,0.4577673578691107
50,Racionalismo científico,0.4932928656306152
49,Influência digital,0.5459059028171025
69,,0.5034916498873317
74,,0.47567549603899056
44,...,0.5313507046125137
79,Ineficácia do sistema carcerário brasileiro,0.5626458657277056
59,A fome no Brasil,0.5367430996863721
76,Transformação,0.4996769042243328
44,"Semenya, merece respeito.",0.5887229276279079
78,Mudanças no Ensino Médio,0.5290374393502885
71,O sentido da vida é viver,0.4122240801462402
84,Porte de arma pela população civil,0.6533207243071205
75,,0.5103122331990091
85,Iniciativa  popular e sua democrácia*,0.5936564174730296
65,A juventude brasileira em risco,0.48975389048344925
74,Falar pode salvar vidas,0.5909056187891367
46,Privatização do saneamento básico,0.6760400214874538
43,A cultura do cancelamento nas redes sociais,0.4634071447909692
84,Pólvora,0.6660533352817046
63,Minimizando os danos ambientais,0.6669400635436834
78,Reforma de paradigmas,0.5924780603711822
58,,0.6220225402555035
70,Dsts,0.48498291851777653
63,Para todo problema há uma solução,0.5191819971664519
63,,0.4324212310912024
84,O contrato social na segurança,0.5283641148800537
55,"Os direitos dos povos indígenas, uma questão social e cultural",0.36775418157237655
69,O uso de agrotóxicos no Brasil.,0.6827780503453197
82,Problemas da automedicação,0.6617673911798067
46,A necessidade da privatização do saneamento básico,0.584882909695149
70,Doenças venéreas,0.5202537170885769
82,Os perigos da automedicação,0.6190473077872544
85,Poder ao povo,0.5382371437449651
83,O que podemos aprender com a prática esportiva?,0.5426227046853993
62,Vamos discursar do caminho ódio,0.6194515781348169
50,Informação como arma,0.612086946726332
48,EM BUSCA DA MELHOR CONSOLIDAÇÃO DO SUS,0.5989712301409503
55,A cultura indígena na sociedade brasileira,0.6045147603590826
48,O desafio e a Importância da Saúde Pública no Brasil,0.5630462171412471
44,“Padronização do que é ser mulher”,0.6125724887739938
55,Do romantismo até a atualidade,0.4475102118981626
45,Autoridades contra a Demoracia (bdsm),0.4920208357472084
54,CRISE DA VACINA,0.6294407933925544
68,,0.5026475090551852
62,Safra da insegurança,0.5690755449166669
83,O papel transformador do esporte,0.59538541524079
56,Se não mudar o sistema os erros se repetem,0.43065783417321046
46,Violação aos direitos humanos,0.45000227236149215
67,,0.3408570600138064
75,O livre porte de armas no Brasil,0.5904295333663541
74,Precisamos conversar sobre feminicídio,0.6146985138061968
51,Sociedade dos leitores mortos,0.49697269471555
60,,0.5351473614745025
66,A Era do Algoritmo,0.5772528335898853
50,ciência e o investimento,0.4427375800977707
68,,0.5487121663071367
64,Aposentando a cegonha,0.7037839820713043
73,Diga não ao Racismo!,0.5742253203906177
85,Lei do Aluno Dedicado,0.3503900675225872
64,Educação Sexual No Brasil Para O Bem Da Juventude,0.5908296543353195
45,O absurdo abuso policial,0.47270535624477644
83,,0.3518671949751321
46,M.A,0.7741688009636835
49,- O papel dos influenciadores digitais –,0.6010767415974178
63,Chega de crime ambiental,0.39364852188157085
85,A soberania popular e o poder legislativo,0.6991322116899403
48,"Análise das UPAs e cirurgias, SUS",0.4220931171150672
72,Fakenews,0.3414337751259401
45,Abuso de autoridade no Brasil,0.5570472939482861
66,A manipulação que facilita,0.5147219987559815
82,Um tema que precisa ser debatido,0.55536680220524
49,O papel do influenciador digital,0.46748418947393583
58,A  preponderância do egocentrismo no mundo capitalista,0.7226275969932882
53,Reféns dos meios de comunicação,0.5402871508294756
45,Abuso de autoridade no Brasil!!,0.6317777476875046
57,DEMOCRACIA E CINEMA,0.5101542162814765
57,,0.7548809221441422
72,Distorção para manipulação.,0.47662869770712235
60,,0.5297672810869954
71,,0.365315172654403
60,Reforma da previdência e seus alvos.,0.453828208107572
46,Privatização do saneamento básico,0.7731878132843135
83,Esporte é vida,0.505029494961446
74,Machismo que fere e mata,0.5499952799793958
55,Os direitos dos povos indígenas no Brasil,0.543002790704855
62,,0.47371212352649766
57,,0.43600856487203776
63,A sobreposição do lucro às vidas,0.3252863628771347
63,"Impactos ambientais, como lidar?",0.5339704178317058
74,Feminicidio no brasil,0.6302996080303295
50,Ciência a favor da vida,0.5658291120443913
44,Os efeitos de ser uma mulher.,0.5520052414639296
83,Prática de esportes,0.38279723711378766
56,O sistema carcerário no Brasil,0.5422821241346788
78,,0.6481056858722596
62,Ódio nas redes sociais,0.6223585288264628
52,Prevenção é a solução,0.5175312470487775
80,Racismo nunca mais.,0.4627517426214117
48,"A saúde como aliada do governo, e não inimiga.",0.6396958551902523
47,Busca pelo Saber,0.48073130210203235
69,O real problema do agrotóxico,0.4186548269721462
79,Problemas Penitenciários brasileiros,0.3779743981749123
64,,0.4934649627362113
76,,0.6014978578894243
51,A educação como meio de mudança,0.39725174510671263
80,o racismo,0.6471097233666596
57,Filme para todos,0.7416410075147082
43,"A cultura do cancelamento nas redes sociais, uma discussão social",0.578243997962628
84,Porte para a morte,0.7016810212580242
76,Mulheres na ágora,0.5778553044939823
48,Desafios e importância do Sistema Único de Saúde,0.739704801896564
63,,0.6536878661352654
62,O discurso de ódio nas redes sociais.,0.5634994412638771
55,Povos Indígenas,0.599939406961611
47,Desafios Educacionais no Brasil,0.49105221977672076
58,Floresta Amazônica,0.44170916785143566
84,"Mais segurança, menos armamento",0.5018474359049407
83,A prática esportiva e suas consequências,0.5558587859787565
50,CUIDADO COM A PANDEMIA,0.5640552500279331
63,,0.5032413928121773
46,Privatização do saneamento básico no Brasil,0.6358027653774537
82,Autonômia farmacêutica,0.4977207782096822
49,O papel dos influenciadores digitais,0.5627488524806405
44,O lugar da mulher em meio a sociedade,0.5171473473329747
43,O homem é o lobo do homem,0.5043153758034286
59,Dai Pão a quem tem fome e justiça a quem tem pão,0.5108739552602998
48,SUS (Sistema Único de Saúde).,0.6569732600326685
74,Feminicidio no Brasil,0.6374025094009911
75,,0.5418225914981829
73,Vencendo a prisão ideológica,0.6614357680608638
56,Educação X Criminalidade,0.30041830714924994
52,Gravidez na adolescência,0.4607482750512849
81,A liberdade de escolha religiosa,0.5628998943781615
85,Se o povo se reunir,0.384606727129276
70,A saúde vêm antes do prazer.,0.5333092962853375
59,Fome;um retrato da desigualdade social no Brasil,0.4518422026632932
51,É essencial a alfabetização,0.31620517106398677
81,"Brasil, um país laico?",0.5834469051633832
85,Ascensão da iniciativa popular,0.23818452163774226
49,A influência diária,0.5320041729305123
71,"suicídio entre jovens, uma problemática social",0.34233133011361483
76,A desigualdade de gênero no país,0.6151002367188295
58,Até que ponto a ganância irá nos consumir?,0.6210797575372179
61,Suicídio,0.3992638584875578
55,Qual a sua tribo?,0.44678065315175974
54,Vacinar-se é importante?,0.43362421236073484
83,,0.6226066260697964
55,,0.5717613355822462
71,Suicídio,0.5437939699205481
55,Qual importância de valorizar e garantir os direitos dos povos indígenas no Brasil?,0.6377313490546089
83,Um gol para o desenvolvimento,0.39123975464348765
82,Remédios que podem curar ou matar,0.6061799688820292
55,Valorizando e cuidando,0.5343292487243947
49,Os efeitos dos influenciadores digitais,0.44501515370098615
57,,0.47516540149294667
70,Alguns atos podem ser fatais.,0.47608355499680693
60,A Reforma da Previdência,0.5968706207051838
54,As vacinas e as fake news,0.5383271415813167
49,O papel dos influenciadores digitais,0.5200633228806416
56,,0.5359099031596253
83,Qual o seu passatempo? *,0.6399423424146207
59,,0.5936353703168357
58,Alerta do meio ambiente !,0.5680104512200966
60,Sim ou Não?,0.4551677074468323
44,Preconceito Coletivo,0.5937862589003009
49,O papel dos influenciadores digitais,0.6205472700545202
48,sus,0.6078088834296905
56,Como reverter o cenário da atual situação carceraria do Brasil?,0.2970909787202957
85,Voz do Povo,0.7183935157725416
60,Objetivo constitucional prejudicado pela Reforma Previdenciária,0.6526766735757192
75,O paradoxo de diminuir a criminalidade com o porte de armas,0.7185897706144667
51,analfabetismo,0.3163789566902023
50,COVID-19,0.42475514816986604
44,DISCRIMINAÇÃO FEMININA,0.4231891635256418
46,Os problemas da privatização do saneamento,0.7051688972768386
70,Jovens brasileiros contra doenças sexualmente transmissíveis,0.5507995426923303
62,,0.5273230430088581
56,Investimentos necessarios,0.37669548629197447
51,Analfabetismo,0.47667476717645624
84,,0.4968693691930751
76,Equidade de gênero,0.5594265650945919
85,Política de ordem popular,0.554087394520023
59,Fome,0.5555231309957581
58,Floresta não será folclore,0.5268182834602981
61,Diálogo,0.6101249007212012
48,A hora é agora,0.6913679261698222
47,..,0.5304209997984688
68,,0.6822105079290043
45,Sou1000Do,0.6406798137794276
78,A educação sendo olhada com outros olhos.,0.5475212992306454
50,Ciência negligenciada,0.5570408520648834
56,A relação entre educação e criminalismo,0.39876302107295464
57,Devemos valoriza-lo.,0.5559694692372472
64,Educação Sexual nas escolas = Melhor relação do jovem com o sexo,0.7262665822348379
45,P,0.44316454050581694
84,Porte de arma a população civil não é uma boa ideia*,0.46169621063755073
63,Impactos Ambientais afetam que ambiente?,0.5378349014645241
74,,0.5434089196720462
85,esclarecimento e conhecimento a luz da escuridão*,0.38982874936441647
47,A educação em tempos de pandemia,0.5245636434190645
83,O esporte e seus benefícios,0.5402045185490737
72,,0.5597578505868696
50,Coranavírus,0.5228091990584716
58,Desmatamento e queimadas,0.5047936329880611
84,,0.6507390174970081
44,0000,0.5310509966584492
63,,0.5319637872487382
70,O prazer do jovem,0.5412716624895616
82,O Estado e a saúde,0.5027798085849342
47,Educação à distância no contexto da pandemia de Coronavírus,0.530409702337415
83,Os benefícios do esporte para a saúde,0.6354325221550029
75,"Livre porte de armas, Solução?",0.6234906302950184
44,A mulher no esporte (e fora dele) merece respeito,0.5823091827932984
59,Transformar pra fome parar,0.6045045359628786
43,Gamer Over!,0.5242090464097825
76,Desigualdade de gênero nas empresas,0.3906820098603165
73,Respeito,0.47297879578422175
58,Amazônia Degradada,0.4054379291306552
77,Homofobia,0.44337115025263485
72,Fake News,0.40633450949845007
75,liberação do porte de armas,0.5904984663687326
54,Problemas na vacinação,0.5699873054437503
55,"Indígenas no Brasil, sua herança e seu direito",0.5264376988567712
45,O beneficio que não beneficia ninguém.,0.5038640731391711
43,Até que ponto a cultura do cancelamento é necessária?,0.7072414684028498
49,A Arte durante o Isolamento,0.23211343577394375
51,O Analfabetismo e seu Problema,0.39686217738825813
55,,0.6607879848129783
49,Redes sociais influencia ou não?,0.48193605984649
79,Brasil,0.5150864559776768
43,;-),0.4973028483769516
72,Só a verdade é eterna,0.2596519635425405
84,Na mira da culatra,0.4477642436448563
85,Prova do restabelecimento democrático,0.6478869829071799
43,O tribubal das redes sociais,0.4877484559608857
46,Direito ao Saneamento Básico,0.6811854296735083
83,Desporto magistério,0.5850539331476642
80,,0.40847990080164276
69,Ataque dos defensivos,0.719855240127977
71,Geração revoltante,0.4038135896591031
59,,0.4825057390135537
84,"Fim da segregação, fim da violência",0.4303295924079386
82,A automedicação pode ser utilizada corretamente,0.39271649387880325
81,Intolerância ou guerra de Ideologias,0.5160758191673266
71,O jovem e o mar (de angústia).,0.4492557585451039
52,"A troca da boneca por um bebe, quem é o culpado?",0.5642549218806325
50,.,0.5590668542834225
70,"Fala com os pais, que os filhos atendem",0.4845699253553339
76,Um Brasil obsoleto,0.48172912883888536
81,Intolerância,0.4771178648144268
65,,0.3984522727669553
47,A aceitação do EAD,0.6385643734686579
54,Vacinação e qual a sua importância,0.627355513591379
77,As pessoas precisam ser tolerantes,0.5475637311646595
62,A legalização do porte de armas no Brasil,0.1045442005297648
70,Inimigas negligenciadas.,0.47551317910727947
78,Construção,0.6324417044648815
71,,0.5081532728793569
82,A necessidade da consciencia da automedicação,0.4027639239003169
58,Futuro sustentável,0.5892197002261409
56,A superlotação carcerária,0.41768092453358346
46,Pós e contras da privatização do saneamento básico no Brasil.,0.5556193167039526
44,Brasil mostra a sua cara,0.3414529065472208
74,A sociedade hipócrita,0.5613296326340161
80,Trabalhando contra o racismo no presente para livrar-se dele no futuro,0.6625728970282657
46,Privatização,0.7084169773218514
74,Feminicídio como consequência da marginalização histórica da mulher,0.6821153343537928
81,,0.5501842680296897
75,Armas no Brasil,0.6240898903857514
47,...,0.40293959126955164
74,Feminicídio no Brasil,0.5711364924490625
64,Falando sobre sexualidade na escola,0.42920043721720613
56,Situação carcerária no Brasil,0.564246875647142
62,,0.6165859392276744
74,Violência Contra Mulher,0.6897399744080569
76,Legado patriarcal,0.62897221068712
70,,0.2399903769627252
82,Se automedicar ou não.,0.6171763271972784
59,,0.5114559839117317
49,...,0.5502965748858748
54,,0.5896034054581224
48,A Falta de Qualidade no SUS,0.6652757914501528
82,Automedicação,0.5321216186167836
83,"O IMPORTANTE NÃO É VENCER, MAS COMPETIR",0.39163301549957774
85,,0.5289194222830558
79,Com Humanidade,0.34450884871204507
67,Aonde estão nossos Índios?,0.5899278478333776
75,,0.739735461486182
74,A violência persiste,0.43399601986919917
79,,0.5507456500001292
82,,0.5863736336546341
84,Precisa-se de Paz,0.45366513974241024
62,discurso de ódio nas redes sociais,0.6460633138704461
58,,0.5248998666591067
60,,0.6363760770781046
56,O encarceramento no Brasil,0.38976729261261417
78,Reforma do ensino médio,0.5684992628529899
57,Democratização em questão,0.6775125281714178
55,,0.6132258225718868
62,O ódio em forma de palavras,0.5000730666739084
83,Esporte e saúde,0.4218058955748774
60,Reforma Previdenciária,0.5685446875598404
78,,0.6396239980445879
77,Do século XIX ao XXI,0.3668289887544061
71,,0.6474581079391959
60,Reforma da Previdência,0.7054856708991755
58,,0.2925609261223382
60,Reforma da previdência social,0.6758022133842038
70,,0.4057269330843009
58,O desmatamento da floresta amazônica,0.6397464580467305
52,A gravidez na adolescência e as influências da sociedade,0.5028801395893088
61,PSICOLÓGICO POLICIAL,0.5215393384046426
58,Amazônia,0.4487782691703219
71,Um ato silencioso,0.5995507210752247
49,A responsabilidade social dos influenciadores digitais,0.5563059460199032
73,,0.34952283506939746
59,Saco vazio não para em pé,0.6473355994686799
51,Cadeira Vazia,0.4770549086604251
54,Um vorpo,0.6155063600649865
81,,0.6657854669224342
50,O investimento escasso,0.5516846670319566
46,A privatização precisa de um olhar centrado,0.47580199510300614
43,o perigo das redes sociais,0.34135721366054445
81,,0.4266671011218403
64,,0.5833483622545816
56,Boa Vontade,0.3552432286038104
58,O futuro é aqui,0.5763533077643969
50,...,0.496467193920338
83,Multifuncionalidade esportiva,0.7039111739566489
69,Transição agricola,0.5648976084584469
76,,0.5979652783803125
48,Descaso da suade publica,0.4469964621212817
54,A questão da vacinação no Brasil,0.6097347149721443
62,O discurso de ódio nas redes socias.,0.3037785156475265
58,Importância e conservação amazônica.,0.4614415890551315
84,Desarmamento,0.6998282061340519
47,Desafios da educação a distância no Brasil,0.631947951630249
72,Respeito e cidadania,0.3652367170186143
59,O Brasil tem fome de igualdade,0.5779471337028373
47,Desafios Enfrentados pelo Ensino EAD no Brasil,0.4407444354634171
50,Brasil contra o Coronavirus,0.42886675559515575
58,,0.5190273609826542
65,A romantização do crime,0.47142576899342575
56,A prisão em uma nova perspectiva,0.5296031824909407
59,Inanição e outros maus hábitos,0.3820269861343261
83,Um direito humano,0.5285811947467273
84,Desarmamento um olhar humano.*,0.6151565060517703
59,,0.4798083137343611
52,Informação é tudo,0.38788593081218325
43,Redes sociais como instrumento da tirania,0.4120851509263802
58,A floresta é essencial para a vida,0.5426088036843636
78,Reforma do Ensino Médio,0.5397742328318552
58,Floresta amazônica,0.6712744623481577
48,O SUS como sistema dinâmico,0.6544819226588156
85,O avanço democrático,0.3176471370411661
55,,0.6545237369959448
69,,0.41788582704203986
81,Conhecendo nossa herança histórica e cultural,0.5237054318393017
53,Validação digital,0.5186377795552486
70,OS Jovens Brasileiros não estão seguros com as Doenças.,0.39683094451003914
51,Analfabetismo no Brasil,0.5367767869207247
82,O uso racional e o combate à automedicação,0.6600983687996915
51,Leitura Vazia,0.4846315468542713
84,Armas,0.6284501115201016
83,"Prática esportiva, algo essencial.*",0.24341403612107537
60,Reforma da Previdência Social,0.43613373077623374
45,Abuso século XXI,0.4547788792655859
76,A mulher e a contínua desigualdade com o homem,0.5300154485382012
50,coronavirus,0.4821012155509833
81,,0.46351118923678636
55,A importância de valorizar e garantir os direitos dos povos indígenas no Brasil,0.4222512259664086
55,INDÍGENAS,0.7052490017293132
55,,0.5079513153091352
67,No caminho da constituição,0.6091118436228654
52,Um agravante problema emergente,0.3509258790441047
83,A prática esportiva e seus benefícios para a saúde,0.4272389656480653
60,,0.6134620365065525
64,A desmistificação da sexualidade.,0.6780700166645508
85,,0.2109943475330078
74,Feminicídio no Brasil,0.5398992290753368
46,Privatização do saneamento básico,0.5771893258333323
63,Impactos Ambientais,0.6487471656613434
78,Fale mas escute tembém,0.45976280650895435
72,,0.5458532594035241
75,O livre porte de amar no Brasil,0.59060317987043
63,Relação capitalismo e natureza,0.46796686684935535
83,"O esporte faz bem, para o corpo, a mente e vida*",0.6787265810444492
75,,0.5019940036132807
54,,0.5776381636379525
70,,0.6063874337131481
56,,0.4966487628334118
62,o discurso de ódio nas redes socias,0.48583241275797195
82,"Automedicação, cuidado!",0.5680402121374191
78,Reforma do Ensino Médio,0.7258703271522381
62,O discurso de ódio nas redes sociais,0.5252267272256201
56,,0.39943307942399825
65,Sem educação nem tente,0.4312927900392475
74,,0.5507325164145739
83,Benefícios da prática esportiva,0.353746001047976
78,,0.5196637739693661
62,Discurso de ódio no Brasil,0.5514501999895483
75,,0.5335438135118274
69,O Perigo dos Agrotóxicos,0.7267124724550852
54,Vacina,0.526975563778339
76,Uma revolução inacabada,0.4989966222008153
70,Sem segurança sem sexo,0.4951051854059899
79,,0.4080344337934115
83,"Nossos Sonhos, A Gente é quem Constrói",0.5792421160671202
63,,0.5985095918560179
69,Mais uma lição de Paulo Freire,0.523926335559122
48,Brasil,0.6795681700856181
43,A injustiça do cancelamento,0.5901210041269982
50,A desvalorização da ciência,0.456777483909412
83,O alcance do esporte,0.5808166654831316
45,Direitos e poder,0.4820706686930082
64,Educação sexual,0.5435548681332691
58,,0.5619688534297795
47,Desafios do ensino à distância no Brasil,0.5767997360838097
82,Prejuízos da automedicação,0.6638456608422229
73,A problemática do racismo no Brasil,0.5150168462989626
60,,0.41366343576636855
44,"Let Her Run""",0.45479606793737126
52,Gravidez precoce,0.6621079830150811
83,Esporte,0.5847650867509229
73,Um caminho para todos o conhecimento,0.5123568818986525
45,O poder é a chave para o abuso,0.517215792312137
51,A quarenta horas da Alfabetização,0.3829714157164619
51,-,0.4908023646001307
81,,0.5628459788846831
82,"Consciência, o caminho para a saúde",0.4639782098434676
47,As problemáticas do ensino a distância,0.4917525026444594
56,Onde a segurança está?,0.49158065678411655
57,Democratização do acesso ao cinema no Brasil,0.5969458850143601
45,Violação na segurança,0.3817862267459379
59,Por uma distribuição melhor,0.5320990092769347
62,O discurso de ódio nas redes sociais,0.4722000314753644
81,,0.6348381809912786
70,Jovens brasileiros,0.49281267606146306
62,,0.3929264040635336
47,"Tecnologia a favor da educação, será?",0.43662871937733805
68,,0.5434947633932911
74,,0.5815062485406117
47,Educação a distância,0.6367714524765432
84,Permissão X Restrição,0.6096607267406339
70,Como combater o aumento das DST entre os jovens brasileiros?,0.5063647961617509
54,Vacinação no Brasil,0.4404630196682888
72,Fakes News,0.5684062034063874
45,Letícia,0.5023431790646977
62,A Hostilidade na internet,0.5050950930798119
83,A importância do esporte,0.41479130991584634
76,A longa jornada pela busca de igualdade,0.5955388642181494
59,Atuação do poder público na fome,0.7197962105873229
52,Gestação em ação no cotidiano,0.5946008854831539
50,Corona vírus,0.6024198460680212
84,,0.4974862783902054
83,Esporte e cooperação,0.39351408007598276
51,Democratização da educação é a solução,0.5157657661611874
58,,0.5789352906046674
46,...,0.6408633478536702
74,,0.4733286648989423
78,,0.663135832264209
44,.,0.4336815628042343
83,"Esporte,sinônimo de aprendizado e oportunidade",0.6414704685697061
82,Simples sintomas,0.5613837248110447
59,fome,0.6181674293798808
51,Analfabetismo,0.35679208545928603
85,Pela eficácia do exercício da democracia,0.5098137439575952
83,,0.4863550182829087
44,Inclusão de LGBT no esporte feminino mundial,0.4347986395279797
56,"Cenário carcerário do Brasil, uma problemática social",0.3396440687067147
64,Educação Sexual,0.5003644689280179
51,Juntos podemos fazer mais.,0.5298284333385634
76,,0.5150223245271105
63,,0.33540037997887895
72,,0.41671174756248175
80,Compensando uma injustiça histórica,0.39719293288078417
60,,0.5459052773811796
84,,0.6044027408280844
55,A Força da Lei,0.6092595547002186
71,(Não tem título),0.5871723486315381
43,Cárceres virtuais,0.5951467517465248
58,Importância da preservação,0.3980541133363853
44,A Dificuldade das Mulheres no Esporte e Trabalho,0.3287006602278191
44,"Let Her Run""",0.49239656253214137
50,Em Estado laico a ciência é a base.,0.5447714017872647
82,Automedicação pode se tornar um perigo,0.5361323354647565
84,Você tem ideia do que deseja para seu país?,0.36919912557236223
43,Etiqueta nas redes sociais,0.5261099904981406
49,O influenciador digital e o seu papel na sociedade,0.5522536842402732
52,Gravidez na adolescência,0.36236603755978
73,,0.6423298727023208
81,,0.4083983281604879
61,Suicídio no meio profissional,0.49102271129339187
83,,0.6301863600573441
85,Cidadania além do ato de votar,0.6093901513582084
81,Os fatos da realidade religiosa no Brasil,0.39967195743394196
44,Conquistando o reconhecimento,0.48125526023781945
78,Os dois lados da Reforma do Ensino Médio,0.5240266361649346
45,"""...""",0.38571276541360366
83,Nos superando,0.512062163590883
84,Armamento da população,0.6014850559020297
70,Doenças sexualmente transmissíveis,0.46327395397361315
57,DEMOCRATIZOU,0.46140364537804174
82,Automedicação,0.6527561173125298
49,A função dos influenciadores digitais na sociedade brasileira,0.42634446462304615
62,O ódio nas redes sociais,0.3957119710281631
62,Ódio não!,0.5028030869355035
82,Preocupação com o idoso,0.15107238266474646
45,Abuso de autoridade no Brasil,0.3523717580643745
59,Fome,0.3448822810069087
78,,0.6450093754744733
78,Reforma do ensino médio,0.6261709727559089
78,caminhos para a melhoria da educação,0.5826769410163256
47,EAD em questão no Brasil,0.45271910354126
84,Porte legal de armas,0.5203601155081503
44,"Dever, respeitar diretrizes.",0.5631079881402901
46,A GESTÃO PÚBLICA É A MELHOR OPÇÃO,0.6808565381011829
54,Vacinação,0.7055878418792882
48,A conquista de um direito para todos,0.48982078959047987
62,O ódio que semeamos,0.5084438088772192
52,"Gravidez precoce, um problema a ser resolvido",0.4447094200483319
83,Os Ludibriadores do Esporte,0.5365776415245406
83,O esporte é um aliado a educação*,0.4700653314250192
47,Defafios,0.43998889766331983
52,Gravidez precoce,0.5452457439134775
70,Malefício Periódico Social (MPS),0.45883630707601875
48,A saúde brasileira em pratos limpos.,0.5682929681901582
47,As dificuldades da educação a distância,0.5493019984232318
52,Gravidez precoce,0.45082611850489734
52,A gravidez perante aos riscos e a cultura,0.41944389812216254
45,.,0.595622393911097
82,Automedicação,0.6104739952638675
72,Combate as notícias falsas,0.5558039019271477
57,A democratização do acesso ao cinema no Brasil,0.4257803662103611
56,,0.5653479755975581
46,ZZZ,0.548490965539584
45,Abuso do poder,0.4133582108594244
52,O Brasil e as jovens mães.,0.5572698504936944
83,Esporte Direito de Todos,0.6511678978236868
83,O esporte ensina o caminho certo,0.4225352577808534
47,Obstáculos enfrentados pelo ensino a distância no Brasil,0.5750494841948337
46,Privatizações,0.690517963123929
54,O conhecimento como impulsionador do aumento na taxa de vacinação,0.6541379918505443
52,A adolescência e a gravidez precoce,0.3502788154336513
66,Liberdade Condicionada,0.4890178835356055
64,Crianças preparadas para sexualidade,0.3830977246766121
68,Á riqueza histórica do Brasil,0.5647842651002067
82,A prática que salva vidas,0.6095428314799267
43,Vamos cancelar?,0.5858894762582064
50,O difícil caminho da ciência brasileira,0.43662486134266687
56,A atual crise penitenciária brasileira,0.3948060296243573
77,Precisamos conversar sobre a homofobia,0.5439866523925074
85,Indivíduo Constitucional,0.3219709176273838
58,,0.6339295980921884
47,EAD no Brasil,0.4040246802142263
64,"Orientação precoce, saúde permanentemente",0.42185301007056714
60,Reforma da Previdência,0.51208892194421
47,"Educação a distância no Brasil, uma discussão social",0.5616646008679067
70,O tabu deve ser quebrado e sobre sexo deve-se falar.,0.4878096358952934
82,,0.6581486429882133
79,Como melhorar o sistema carcerário brasileiro,0.3928897183249248
69,,0.5101568241918604
72,Atenção para as desinformações.,0.671066067567149
62,Quebrando a internet e os discursos de ódio nas redes sociais,0.589118325540044
82,,0.6424566790999385
58,A Importância da Amazônia,0.6461578767915443
63,,0.548405385265969
74,,0.35749627408471174
45,A Carteirada Aristocrática á brasileira,0.5049829823088509
75,Livre porte de armas,0.6526166475567965
51,Modelo Educacional Brasileiro,0.35472852172955044
69,Oposto,0.7299381263140856
67,,0.6081905237439557
85,Projeto de lei,0.22320828929918682
80,Quanto mais negro?,0.4536537009866384
69,Os Efeitos Dos Agrotóxicos No Brasil,0.604996760544221
81,Intolerância,0.6505821627680217
55,NATIVOS BRASILEIROS,0.6212371897955119
73,,0.49159076732464285
44,!!!!,0.4438987078977045
52,Gravidez precoce,0.4990284009169701
52,.,0.5656594318893641
80,Diga não ao racismo,0.5718961563838477
65,A educação para a violência,0.3899927968714129
47,O Brasil não esta preparado para educação a distância,0.5689729360630276
74,,0.6111183339493792
48,SUS E SUA IMPORTÂNCIA NO BRASIL,0.5687183092197957
79,Degradação por trás das grades,0.625556160855997
51,Analfabetismo funcional,0.49584063972827175
54,,0.5242035738545775
55,Tempos de luta.,0.45095736910850476
79,Panela de Pressão,0.5284692738669815
84,pulmão do Brasil,0.12607366453447702
51,Analfabetismo funcional no Brasil,0.4382435010571057
70,O ponto final,0.3963013461290933
75,Retrocesso em pleno século XXI,0.47112465025650585
53,Se está na internet é verdade,0.4686479212416081
52,Falta de conhecimento entre adolescentes,0.3458023169548304
51,O analfabetismo como forma de controle social,0.42500754806575386
47,A Educação a Distância no Brasil,0.43741098495886127
51,Analfabetismo,0.3708436191768739
58,"O risco da falência da floresta, pela ganância do homem.",0.6008833339969645
45,Diretos iguais ou abuso de poder?,0.6406172399446847
77,A tolerância e intolerância sexual na atualidade,0.6006898337583155
60,Um passo de cada vez,0.5068243012157311
60,A Reforma da Previdência e sua necessidade,0.6455415342085163
49,o papel dos inflenciadores digitais,0.6358684646940853
78,Medida Provisória ou Manobra?,0.4128871198891571
75,Livre porte de armas no Brasil,0.4403246076429354
83,A importância da prática esportiva,0.24706276052025988
57,Entretenimento a todos,0.6577018556920614
43,A desconstrução virtual,0.5255459622593005
54,A nova revolta da vacina.,0.600166607234672
79,Das rupturas imprescindíveis ao sistema carcerário brasileiro,0.5642073453934616
70,,0.43572575027542115
72,A mentira sendo cão guia,0.43611189947489915
55,Todo dia é dia de índio ?,0.5657818335514256
64,Educação Primordial,0.608150801670274
69,,0.6132774729374819
71,viver até morrer.,0.2806782904640821
82,Ferramenta da saúde,0.5205837309965435
51,Analfabetismo funcional no Brasil,0.5755986512671484
75,Somos Violência,0.5134364520325612
63,Industrialização e urbanização como fatores impactantes do meio ambiente,0.5207558930574648
73,,0.26194398198873053
70,,0.5250052902613368
45,ZZZ,0.5077104083060375
81,,0.4377628319132229
59,Oque gera a fome ?,0.6460689923936483
70,O lado subentendido,0.4212763021422574
58,,0.672210066275853
82,Consultar para se medicar,0.5520688455905742
58,Desmatamento e queimadas,0.6144061580886426
62,,0.568554945655409
50,A importância da ciência para o combate de doenças,0.5593701791775396
54,Vacinas,0.5119150398070387
55,O Índio na sociedade brasileira,0.5315529205949957
45,Destrato e violência - S,0.343195921160363
54,,0.5448115697559788
73,Quebrando Correntes,0.34485330998552205
60,,0.5596224627085704
71,Suicídio,0.5960605187929642
58,,0.4722087580020833
84,"Arma na mão, tiro no pé.*",0.6293523703312554
63,,0.3774754101400778
81,caminhos para combater a intolerância religiosa no Brasil,0.3921360438848648
70,O jovem e a família,0.42207456230781876
82,,0.6548652605471682
47,O EAD e a explícita desigualdade social brasileira,0.4983083207697043
61,suicidio entre policiais,0.37615258947633357
82,Amiga ou vilã?,0.5702079761945872
77,,0.41599689215981284
44,Garantam o direito de Semenya!,0.6712859494929903
51,Analfabetismo funcional no Brasil,0.4841958717900593
75,O dilema sobre o porte de armas,0.7001789163026069
83,A prática de esportes como poderosa ferramenta de inclusão social,0.6072659850418745
66,,0.5021676186783751
83,,0.5064075409014788
75,Legítima defesa,0.6470860016453197
57,Sem Título 008,0.595416276051393
54,Vacina gera vida longa,0.46288626890931045
50,Ciência e Pandemia,0.5866787901158705
45,aABUSO dDE aAUTORIDADE nNO bBRASIL//,0.6816917805706516
46,Privatização em pauta,0.7349617090654891
59,,0.735857620155136
64,Prevenção têm nome,0.4667809388635493
62,A Revolução do Ódio,0.668755564464158
46,Liberdade Econômica,0.6881981500896169
76,,0.49652905616653653
85,,0.5513663766744362
55,A primeira população brasileira,0.3971407318831638
43,Ditadura online,0.5386077899639569
47,Cegueira Humanitária,0.4395948425527774
77,Homofobia,0.37266689080528054
72,,0.617769465133843
55,,0.45346340786687095
82,Automedicação – devemos realmente combatê-la?,0.5138464968995626
52,Gravidez precoce no Brasil atual,0.49200898035409163
82,Automedicação é uma solução?,0.4854489571323657
83,O importante não é o ouro,0.4827129029351464
49,Influencers maliciosos,0.3536829173885587
48,"Saúde pública no Brasil, importância e obstáculos enfrentados",0.7080931146317525
85,Abra sua mente,0.4493611079842065
52,Gravides precoce,0.47967722474869945
78,O futuro do ensino médio,0.5854551818112763
83,,0.567839942502817
70,Ideologia e DSTs,0.6202638718770956
49,A influência depende da benevolência.,0.6293213601139692
82,A automedicação natural,0.4106063475462395
47,O ensino á distância no Brasil.,0.4987102714165248
75,violência não é proteção,0.6537366379674538
73,A luta do negro por seu lugar na sociedade,0.34520142679029925
78,Educação em reconstrução,0.6502348588355857
83,,0.46766403811464774
65,,0.4226653682672621
46,***,0.6674692501776426
71,Brasil o país do Carnaval e Suicídio.,0.5740093252218359
51,Um processo,0.48305295830760453
51,investir na educação é investir no futuro,0.44688073020694014
84,Fogo contra fogo,0.47138412514028105
49,A geração da tecnologia,0.5150860914843617
79,,0.41637645746061447
44,A mulher da atualidade,0.24519179768544613
77,Homofobia,0.5684499077470923
56,Educar é a solução,0.5336540871695232
45,05 - FBS,0.4820732058292594
70,Como Combater as Doenças Sexualmente Transmissíveis entre os jovens brasileiros,0.4583114271901273
54,Conhecimento e flexibilidade,0.5800038892034701
85,O direito esquecido,0.5904597752371542
84,,0.7439689966156393
72,,0.6470777335409427
43,>>><<<,0.46118400455525144
52,Educação sexual,0.4591286839146655
57,,0.4913867720884827
64,Fazendo Descobertas,0.49857972193078176
65,A criminalidade fraca e resolvida,0.3729185071869384
65,Atlas da criminalidade entre os jovens no Brasil,0.5975774926756691
73,,0.5928168709716685
72,,0.6605858201506244
60,O Amanhã,0.5812437428346736
74,Violência contra a mulher,0.5015260672069454
45,Abuso de Autoridade,0.4914467910272276
51,O analfabetismo abre portas para a desigualdade,0.33826305195200923
85,vamos juntos concretizar,0.17860932107338362
49,Influência ou Manipulação?,0.42531665294966786
46,Privatização do saneamento básico_,0.5091921073593539
45,Controle Sobre a População,0.6215049333073135
43,Novo nome para um problema antigo,0.4772742258536952
55,Preservação da cultura indígena,0.5657109815733944
43,REDAÇÃO,0.38042230565467705
51,Analfabetismo funcional no Brasil,0.4701932098705598
74,"Feminicídio, um debate social",0.5126194426974248
48,"SUS,Um Grave Problema na Sociedade Brasileira",0.5120609387072407
69,Procura-se ajuda,0.7698455684524543
51,ANALFABETIMOS FUNCIONAL NO BRASIL,0.40194069455351145
85,Retrocesso da participação popular,0.653749662294423
83,,0.6495351646033244
52,A gravidez na adolescência,0.540835047943852
52,.,0.38042727397789405
64,,0.448195609456564
58,O Ser Humano e o Meio Ambiente,0.40091939282588984
79,A problemática do sistema carcerário brasileiro,0.5688301576276532
82,Automedicação excessiva,0.6214399997312268
48,saúde publica e seus desafios,0.5647489652226307
48,Carência no setor de saúde publica,0.7062741278387026
76,Todos devem ser olhados por trás do gênero sexual,0.4564184539355874
46,PRIVATIZAÇÃO NÃO É A SOLUÇÃO,0.5803746805884322
70,Informação ou descuido?,0.46482063167694887
57,A democracia no cinema,0.5674447186081586
64,Adquirir e dá luz apenas a saúde e responsabilidade,0.5483214751230998
82,Por que ir ao médico?,0.36788139368960593
55,Ninguem solta a mão dos índios,0.6433310952692037
75,Uma cessão que agravaria o que deveria ser combatido,0.3841264131862616
46,O Novo Marco Legal do Saneamento,0.48635974915410085
44,*Competições esportivas e o corpo da mulher*,0.3809557499221944
45,Abuso de autoridade em uma sociedade contemporânea,0.2759448633588818
77,A Homofobia no Brasil e no mundo,0.535551542480661
68,,0.5073207847149839
82,,0.6403756718775805
83,"Prática esportiva, da medalha à gloria.*",0.5058507932244244
48,Os desafios do Sistema Único de Saúde,0.5570786949912603
57,Vamos precisar de todo mundo,0.6759147423426057
72,Disseminação em massa de notícias falsas,0.6321784285935516
50,Coronavírus,0.49509202101731126
55,Desrespeito aos direitos indígenas,0.6361715113022154
50,Ciência,0.5352983709895989
81,A herança da nossa colonização,0.4178144011930385
60,Uma reforma justa é a solução,0.4718239749884542
58,Ganância para quê? Dinheiro não se come.,0.6026259778456593
51,Combate ao Analfabetismo funcional no Brasi,0.374662861266007
62,Conhecer e evitar,0.3392353257622646
82,"Tomou, passou?",0.6004181388686919
49,A importância da influência dos comunicadores digitais,0.39950557092913264
44,A qualidade natural sendo discriminada,0.5830364017786217
83,Esporte como ferramenta de renovação,0.3610939476441911
48,SUS e sua importância.,0.5769425486108314
58,A floresta amazônica pede socorro,0.7034036488153209
48,"Igualdade não é privilégio, mas sim direito",0.5911392527657664
50,A Ciência Como Solução,0.5715816560157106
73,A luta diária pela igualdade,0.627220177905569
49,A função dos influenciadores digitais em meio à pandemia de coronavírus,0.5423327670068269
45,O abuso de autoridade no Brasil,0.26099917865362315
84,Armamento e defesa,0.5222909805712121
78,Brasil para estrangeiro ver,0.4692649773674142
45,Injustiças Por Causa do Abuso de Poder,0.46597582647250463
49,Influência no mundo digital,0.4935125976945202
63,,0.5392927636300918
44,Deixe-a correr.,0.6082268588781248
68,,0.5455071697294993
51,analfabetismo por conta do governo,0.37444443033318275
55,A situação indígena,0.6040944190690836
78,Reforma no Ensino,0.3372704183298667
63,,0.48967203926426306
62,O ódio na sociedade contemporânea,0.392052718996507
46,Privatizar o saneamento básico?,0.6328541801212499
49,Persuasão digital como meio de expandir os objetivos,0.45747190188180775
48,Saúde sob pressão,0.40826828714462055
43,Cancelar ou corrigir?,0.602323849797821
43,Desafios da cultura de cancelamento,0.5850744508887719
54,A importância da vacinação,0.4298749167624679
46,A Privatização é o ideal?,0.7612390797090502
84,Porte de amas,0.4835406845102144
80,Como combater o racismo no Brasil?,0.45114853934663973
54,Compreender a importância da vacina para uma vida melhor.,0.5046457840463083
79,Prisão limpa,0.33754336150346675
46,A Privatização é Um Bom Caminho ?,0.6743384296728637
43,As pessoas precisam ser limitadas.,0.6240561849251061
54,Informação pode salvar vidas.,0.4951268204616762
51,Uma dura realidade,0.21995131773801563
52,Mãe precocemente,0.3484544284556005
78,Reforma do ensino médio,0.5742306249320965
74,Somente por ser mulher,0.5501601798954138
48,SUS e sua Maledicência,0.5380825638386046
57,A cultura é para todos,0.634272901795839
54,,0.5716194681150144
71,Suicídio,0.5834196665716764
70,,0.5614887956243977
54,Melhor prevenir,0.7006752980585663
64,"Educação sexual, e a sua importância para crianças e adolescentes.",0.6409032370448122
58,,0.6137001632669942
68,RECONHECIMENTO DE HISTÓRIAS DE UM LOCAL,0.5428636923306254
73,"Desafios sociais enfrentados pelos negros, uma discussão sociológica",0.41400763960745274
79,Preso bom é preso respeitado,0.5866102163922097
85,A sociedade necessita de participação,0.4300198287291163
55,QUEBRANDO A DESVALORIZAÇÃO DOS DIREITOS DOS POVOS INDÍGENAS NO Brasil,0.5879022174147572
84,Segurança a prova de balas,0.60079134890555
82,O esclarecimento é a chave do combate,0.5934845634004648
72,Tudo Como Deveria Estar,0.5505018243939425
62,Discurso de ódio,0.6424897340047732
74,Não é fácil ser mulher!,0.4343263169513716
75,As divergências sobre o livre uso de armas de fogo,0.6240737177775969
62,O ódio não pode ser virtual,0.39043525381840427
65,,0.4176724781767683
62,Não somos melhor que ninguém,0.4385498094917339
43,-allves-,0.510650543872323
76,Direitos e lutas,0.4555373335866165
85,Desmilitarização da polícia,0.1738604766510298
52,Gravidez na adolescência,0.37879433460559897
49,.,0.5622393347882007
68,Uma nação sem patrimônio histórico é como um homem sem memória,0.6618171670087476
82,A Automedicação,0.6425534468965557
76,,0.5476341900942776
85,O Brasil frente a corrupção política*,0.24770263766630068
83,,0.5769527209475055
45,Um problema chamado abuso de autoridade,0.5083538510540139
47,Educação em Transformação,0.49967289054218283
62,Sem Repetir o Passado,0.6035311846602381
45,Autoridade versus Liberdade,0.4627462607387397
46,Privatização do Saneamento Básico,0.29439109780332456
84,Armamento civil problema ou solução?*,0.603918116727151
84,"Mais armas, Menos Crimes",0.637282420865596
46,A população privada do saneamento básico.,0.6674567440102231
58,,0.5713024660660337
75,Porte de armas no Brasil,0.6933567409526582
59,O agravamento da fome,0.5227208455051588
81,,0.44282835195235093
48,Sus,0.5597871204262229
54,.,0.49842192686929315
75,,0.6448940979882434
46,Saneamento básico,0.7192352151957583
52,Gravidez precoce,0.6687984312443104
85,alcool e seu uso indevido*,0.23865609673949476
44,Uma mulher precisa provar ser mulher ?,0.537985758755344
50,O invisível também é perigoso,0.5308176076727854
63,INDENIZANDO O MEIO AMBIENTE,0.42721477291322646
71,,0.537066133460621
60,,0.6431294077257721
51,´Massa de manobra`,0.3251268495348887
52,Gravidez precoce e o respeito,0.43006663262200956
63,,0.576080581751035
85,Bullying,0.17074572656252548
51,Analfabetismo funcional no Brasil,0.4861304943015
55,Cultura Brasileira,0.25352760960126874
54,A importância da vacinação,0.3453340538875472
84,Porte de armas X Paz social,0.5756521460005606
46,.,0.4943601685891367
84,Restrição ao uso de armas de fogo,0.5219849381640882
78,Onde mora o problema?,0.37886663492720357
46,Privatizações no sistema público de saneamento,0.6993015349973446
76,,0.6197584728180123
84,Estatuto do Desarmamento,0.7512478482323306
52,Evoluções sociais e seus efeitos,0.30435073408128543
62,A violência sempre é uma derrota,0.6239743640535094
58,A dádiva brasileira na mira da devastação,0.6713012435014334
78,A renovação escolar,0.461559503916932
48,Sus,0.5145022879616228
54,Camila Carminati - A importância das vacinas para a sociedade,0.5470771144593235
52,A gravidez passa o filho não,0.5879968111631718
57,,0.443804652448799
54,Esclarecimento,0.5836362609376731
85,Ferramenta política direta do povo,0.639988099448158
45,Estruturas de poder ainda são mantidas,0.40654096250592764
82,Necessária mesmo que maléfica,0.5936856595586212
84,Ameaça constante,0.5705642526457109
50,A ciência como pilar para ç,0.49858856024454684
59,"fome, a pior desigualdade que existe no século XXI",0.5907467686756728
69,Os prós e contras do uso de agrotóxicos,0.5391254283932095
82,Com saúde não se brinca,0.6408918250936053
69,O veneno está na mesa,0.6393990605110111
66,Lente Divergente,0.26019162240091476
81,Caminhos para combater a intolerância religiosa,0.5818764596513388
49,O papel dos influenciadores digitais - AA,0.7033015097294516
49,Ameaças da influência alienante,0.31707577381283625
69,,0.6421546583322741
56,O preocupante cenário carcerário brasileiro,0.5926115867121176
57,,0.5048941032377152
74,,0.563194921372741
45,Detentores de poder,0.5442430889703986
70,"sexo, um tabu milenar",0.44746048064989086
52,.,0.5421723070899879
85,Que a democracia prevaleça,0.6190475701692947
84,Brasil armado,0.692483560970525
60,O futuro das gerações futuras,0.636093626145889
52,Gravidez na adolescência,0.526845785510404
79,,0.4585870013813232
54,,0.529310590239738
54,Arãosófones,0.4440703424666852
68,Extinção de Identidade,0.3289522525243882
76,Uma distância necessária,0.3870989876745352
83,O esporte proporcionando lições para a vida,0.46687867161446084
56,,0.35551193689603244
54,,0.5918930361266717
58,,0.5913020964055404
47,Democratização do ensino remoto no Brasil,0.630493138217234
65,A criminalidade juvenil no Brasil,0.47778578297072144
82,orientação,0.5639186285766833
50,COMO O MENOSCABO COM A CIÊNCIA PREJUDICA A SAÚDE,0.6067685967384016
62,Era do ódio,0.420592105451955
43,**,0.47767825578843665
84,,0.5182350125059075
64,A Educação Sexual nos dias atuais,0.49872821572706294
55,Dilema indígena,0.4407292568827815
62,,0.35746790871191453
72,Confiança se ensina na infância,0.4061602409107536
64,,0.507614227050182
56,,0.42113689824674716
46,Privatizar é a solução?,0.7283200165576327
66,,0.41643557518129365
59,,0.690342555252162
85,Jovem Democracia,0.5503735068253064
76,,0.658352530334221
82,,0.5379583659176624
69,"O uso de agrotóxicos, uma discussaõ social",0.508449870223991
73,A discriminação contra os negros no Brasil,0.6373063906597424
78,Um Brasil de mais alunos nas escolas,0.6616994617135594
67,Ìndio,0.5868801375020687
69,Alimentação toxica,0.3382295301859027
46,Privatização,0.5443912637386819
76,,0.7271956726682327
48,.,0.6400108047114015
54,A Prevenção que Caiu no Esquecimento,0.49662407036974815
54,A ignorância em meio ao benefício.,0.5063255673515016
82,Da cura ao veneno,0.7118179844605033
44,A pedra no meio do caminho feminino,0.5082019055641223
62,Educar para diversidade,0.490442752464552
50,O meio científico e suas soluções contra pandemias.,0.35101783335480513
83,,0.5655898167052958
81,A intolerância religiosa no Brasil,0.5654479415601741
71,O suicídio entre jovens,0.3762029063934753
75,O armamento legal é a solução,0.5209928925852562
65,,0.3534735770219195
83,A sensação de Vencer,0.3706434900177752
44,P,0.44963038810291656
50,Ciência evolução,0.41491064149170315
55,A cultura indígena para o bem de todos,0.5994569315904513
81,,0.49911763871852605
62,O discurso de ódio nas redes sociais,0.6450786581781438
83,A força do esporte,0.5413970484467057
45,Desigualdade de renda a fonte dos abusos de autoridades no Brasil,0.46133074612952524
82,Os perigos da automedicação,0.5016297661843933
83,Com esporte garantindo o equilíbrio da vida,0.5928612650042193
59,,0.5432720752048953
58,,0.6385662599596353
54,A importância das vacinas para a sociedade,0.5261208029009593
54,AS VACINAS,0.5017721769970669
56,Crise no sistema prisional,0.5254770303665879
84,Da revolução,0.6314949729750933
58,,0.4784354371598884
69,Efeitos Dos Agrotóxicos No Brasil,0.604996760544221
61,,0.44681563870322655
79,,0.409597498562759
48,SUS,0.5463029217754719
63,Impactos ambientais na sociedade.,0.44599594077319704
70,A mobilização da DSTs com os jovens.,0.350579795065338
83,o que podemos aprender com a prática esportiva?,0.5100667506175147
58,Desmatamento e queimadas,0.7772904601148287
55,Direito dos indígenas no Brasil,0.3900212136830047
43,"julgamento do fenômeno ""cancelamento""",0.3489702944240144
68,Nossa História é nossa raiz,0.4611885821970957
48,Desafios e importância do SUS no Brasil,0.5973324795585617
48,"Saúde Pública Brasileira, uma discussão social",0.6444776163486717
58,Queimadas na Amazônia,0.581284220752328
52,Hormônios Precoces,0.5554055724363721
75,,0.619327478399216
55,,0.4140002376833417
58,,0.4618996715411924
65,O papel da educação à criminalidade juvenil,0.4349102546091572
57,,0.65797807929563
78,,0.6069786498453257
55,“Escravos” de uma era,0.5487468921980095
48,a importância da saúde,0.5403200144763419
52,"Gravidez precoce, breve reflexão",0.5478881180028704
71,SUICÍDIO ENTRE JOVENS,0.7254597773445353
60,REFORMA DA PREVIDÊNCIA,0.5566979327131037
75,Porte de armas,0.5669405886801836
79,Direitos humanos,0.528354614076673
84,Armas,0.47534093983840253
46,Brasil e as privatizações,0.7520232779876808
62,O mundo online e a impunidade,0.4229134919528831
55,A IMPORTÂNCIA DE VALORIZAR E GARANTIR OS DIREITOS DOS POVOS INDÍGENAS NO BRASIL,0.4728818342580673
47,....,0.47588082600685455
45,A desfaçatez do cargo elevado,0.3465367252739489
71,A vida de quem não vai ver o futuro,0.6633000900665229
50,Coronavirus,0.5344749051998111
69,Intoxicação agrotóxica,0.7086706333481475
65,,0.6136714263835502
59,,0.44570972799930425
64,Quebrando mais um tabu,0.5028156933552924
51,O fortalecimento da educação brasileira,0.5021989804223755
84,Legitima* defesa,0.5303166054255499
49,O papel dos influenciadores digitais,0.5377394370975402
83,,0.5966992634099372
56,"Sistema carcerário brasileiro, qual a raiz desse problema?",0.4787175176976188
81,,0.5535628594599684
76,,0.6885865202772609
63,O ônus da soberba,0.5722149653660614
62,Pontos negativos das redes,0.53586775489559
60,O Brasil está quebrado,0.5854152113617248
74,Quando isso irá acabar?,0.44151326665287044
59,A fome mundial,0.5535262213475202
63,,0.4829692490552366
80,COMO COMBATER O RACISMO NO BRASIL,0.5722586412939705
56,Justiça para injustiçados,0.3956017856001115
47,DEMOCRATIZAÇÃO DO ENSINO A DISTÂNCIA NO BRASIL,0.6415676186335222
43,_______,0.626878403901777
48,A saúde pública brasileira e seus desafios,0.44475788494602053
43,O cancelamento da liberdade de expressão.,0.6189194229139259
84,Sociedade criminalizada,0.4620179353525334
84,Porte de Armas,0.5777913008882938
48,Desafios do SUS,0.7034166317038534
83,tempos modernos tempo de sedentarismo*,0.45644415348932577
74,,0.33262840406595273
55,Os indígenas na sociedade na brasileira,0.45494266296249675
63,soluções para os impactos ambientais resultantes da ação de grandes corporações?,0.2976098583096144
78,Problemas da reforma do ensino médio,0.5865724409304374
76,Do Lado de Um Grande Homem Há Sempre Um grande Mulher,0.5140310798114256
63,Educar e Punir,0.49952568433544864
63,Início do impacto e as possíveis soluções para o impacto ambiental,0.41531993876054174
47,O desafio do EAD no Brasil,0.5483348859410544
74,,0.688681841831846
84,SEJA A MUDANÇA QUE VOCÊ QUER VER NO MUNDO,0.49265635464411706
49,O papel dos influenciadores digitais,0.5224101138079533
50,A ciência e suas evidências genéticas,0.5715263445928734
53,A influência dos meios de comunicação na sociedade brasileira,0.4584621179728423
50,A Salvadora,0.47731516417608333
56,A crítica situação das cadeias no Brasil.,0.28053721117917424
45,Conduta a ser combatida,0.5663949965506331
45,...,0.44481157671786575
43,A cultura do cancelamento,0.5413674934834881
44,O Real Valor Feminino,0.5745286293038808
78,,0.6706889595250003
45,Abuso de Autoridade no Brasil ...;,0.5532510548441301
59,A fome e a subnutrição,0.41711612965365497
51,País escolarizado,0.40176955394825187
83,Esporte,0.627099253034288
81,Não é macumba,0.6000269582216896
75,Legalização do porte de armas,0.610146751678119
68,,0.3979097606159871
49,O uso da influência de forma inteligente,0.49534199035037657
51,Problema evidente,0.48884584944051085
55,Preservar é cuidar,0.6393403366336062
59,Descaso nacional,0.5421778970591795
51,Analfabetismo funcional no Brasil tem solução.,0.3809532343792377
58,Preservar é preciso,0.6000226420612383
44,O Ideal Social,0.6615214206479244
54,,0.39407039895682866
57,Filmes para Todos,0.5108948666948107
50,Pandemia Mata,0.5527649550478354
81,A Intolerância Religiosa,0.4658821609421042
45,Orgãos Públicos E O Abuso De Autoridade,0.5239918178448487
76,,0.43858627294711033
78,Utopia do Ensino Médio,0.6532097598531498
55,Índios,0.6546192398754511
73,Direitos?,0.31522103500589277
52,Gravidez pode esperar,0.6174042130593543
79,Sistema Penitenciário Humanizado,0.5391347462124265
78,A solução é o debate,0.4910885964578714
49,A importância dos influenciadores na era da globalização,0.6062063754278925
78,,0.4661681169012075
63,A Terra clama por soluções,0.5074173506225103
43,Cultura do cancelamento,0.5894002968569944
43,Em prol das comunidades,0.45340415287935265
47,Desafios para a educação a distância no Brasil,0.5190591149731951
75,Educação como arma,0.33214636805069037
71,Caminhos para combater o suicídio entre jovens.,0.4718972386249843
69,O exagero uso.,0.6305285060195515
58,Desflorestação e ardência na Amazônia,0.5869850925869358
59,Fome de direitos,0.5659176615451731
45,A cultura da violação.,0.4389317372761383
72,Fake news,0.5159411755193023
47,A EDUCAÇÃO A DISTANCIA NO BRASIL E SUAS DIFICULDADES,0.5069115074684051
68,valorizar é necessario,0.5259260829980985
52,Gravidez precoce,0.5915698934641561
62,,0.5522861068327298
52,Epidemia de gravidez entre adolescentes,0.6036401327704424
48,A busca dos cidadãs brasileiros por uma saúde pública de qualidade,0.43191956917847957
73,,0.4639805369712862
50,Revolta da Ciência,0.4121422689192806
83,Observa o passado de olho no presente,0.4115300396918706
51,Analfabetismo,0.4530366377240418
79,‘’Ex-bandido’’ bom é indivíduo devidamente ressocializado,0.5017053451963498
80,O racismo no Brasil,0.3533878965670391
54,Vacinação,0.5961063522427125
58,,0.5689628539646198
77,As diversas faces da homofobia,0.40924011328760346
78,,0.6235008318128207
79,Educação-O caminho,0.6338607418356695
54,O benefício da vacina na sociedade,0.5958686432335508
84,Retrocesso brasileiro seria a legalização do pote de armas para a população,0.6699950168822237
61,Policiais que se suicidam - VS,0.6045318505541707
72,,0.6278529631858748
50,Corona vírus,0.4759172053847505
78,Bons,0.5125031525889098
64,,0.483875299093433
79,Selas menos referta através da educação,0.4102721932338634
46,Saneamento básico a todos.,0.6609162454065668
83,O que vale mais,0.5356311614279732
67,Minoria esquecida,0.42701590522490457
47,Reflexos dos problemas educacionais na Educação a Distância,0.672487404231502
48,Saúde  Debilitada,0.6819879025240536
83,União de esporte e educação,0.4256566533027191
82,Os riscos da correria,0.5153530112360848
81,A Persistência da Intolerância Religiosa,0.5776944076509148
84,"População Civil com porte de arma, Não!",0.5904142152156486
55,A importância de valorizar e garantir os direitos dos povos indígenas no Brasil,0.4677156125527794
46,A nossa realidade,0.38830784121619716
78,,0.519028508278705
51,Integração pelo autodesenvolvimento,0.42044202328520697
58,,0.2931576636306572
82,Controle,0.43191931676971973
71,,0.39548689128107717
75,,0.5018163646471624
47,Educação de qualidade,0.6235442703053434
52,Liberdade irracional,0.38811678314648823
50,Um colapso na saúde Brasileira,0.5785712035183043
66,Precisa-se de bons exemplos,0.37463669235718916
51,Sem o Professor nem tentem,0.3977661319181569
49,A influência digital,0.5415269686444231
74,Violência contra a mulher,0.6523417457765901
71,A influência das mídias sociais na construção do ego,0.3986536238330814
59,INACREDITÁVEL! A FOME AINDA EXISTE NO BRASIL,0.6371760704636398
68,Valorizando o patrimônio da forma que este merece,0.6281069669191057
56,A RESPOSTA É,0.49553116798678354
57,,0.5774774188753933
52,.,0.5176734431712566
45,O abuso de poder atinge todas as camada sociais,0.621795935311241
44,Classificação exige classes corretas,0.39658724208335094
49,A profissão do século XXI,0.5740838885150589
82,,0.5919216201155955
62,,0.5420136708429986
49,O papel dos influenciadores digitais,0.4981811285327555
75,Armas Livre retrocesso hediondo,0.4625794113740487
81,Intolerância Religiosa,0.43643096959772565
70,,0.4920555850878695
52,Gravidez na adolescência,0.6451574145719555
76,O patriarcado no século XIX,0.6140453959643025
45,Autoridades imparáveis,0.43933632054475985
80,Educação,0.3873375908854773
68,,0.5659746189884365
70,Um perigo silencioso,0.5253562245682781
47,Redação 15,0.46764832926939476
75,Laranja mecânica e a ultraviolência no Brasil,0.6294494000602872
69,Veneno econômico,0.5135836703322283
84,Estrupo coletivo,0.18979646878384168
43,A prática do cancelamento nas redes sociais,0.5784021080305668
82,Automedicação é um problema social,0.4083160221053698
75,Sistema legal,0.40178463808362797
74,Deixa elas trabalharem,0.3219502788721308
49,o papel dos influenciadores digitais,0.40243523225026556
62,"Discurso de ódio, uma problemática social",0.4954256826854077
83,O esporte dentro das escolas,0.4864751260894431
54,,0.440254346926234
59,Inimigos do prato cheio,0.6346853303635961
56,O outro lado,0.32068398966823675
55,Mudança de Mentalidade,0.46946685159465984
84,"Porte de armas, uma necessidade frente a violência crescente.*",0.547908108970346
52,A conscientização da gravidez na adolescência.,0.6687861123628533
43,Cancelamento das redes,0.6596955122558597
43,Cancelamento por redes sociais,0.4786583584426337
56,Brasil,0.5141667610253527
61,O número de suicídios de policiais cresce no Brasil,0.6082573443782711
44,sem título,0.5354537048027798
83,,0.6404451116874688
58,Desmatamento e queimadas,0.5121829046067806
67,Dificuldade de uma minoria,0.4275260819818405
59,Cidades de tempos atrás,0.4322357549700755
78,,0.486396124639932
47,Desafios do ensino à distância no Brasil,0.6444269467663996
47,Educação a Distância,0.659313929035824
84,O Estatuto ameaçado,0.6869154299688744
55,A falta de valorização dos povos indígenas,0.4884362236044601
56,,0.42220030577786616
49,Influenciadores digitais,0.5520601504707159
73,,0.4874496455596355
45,O Poder nas mãos Errada,0.49731205815721785
63,"Grandes empresas, grandes impactos ambientais",0.5226319315640757
85,Uma lei de punição,0.4250882269764436
60,Reforma da Previdência,0.5034627531391552
63,Reparação ambiental,0.49192067125727745
81,Raízes da intolerância,0.6916428426657999
62,,0.3066936258102272
54,Muitas variáveis,0.5531361025865263
54,A importância das vacinas para a sociedade,0.6862864847963271
48,SUS- a evidente carência da saúde pública brasileira,0.5438802768369682
47,^-^,0.433576510263496
58,"Amazônia, queimas e preservação",0.439558039504627
50,Coronavírus,0.47387715655783985
46,Privatização do Saneamento Básico no Brasil - caminho para a universalização do acesso,0.6489305187811809
59,,0.6348922278628656
60,Reforma da Previdência,0.5565728221816914
58,importância da preservação da floresta amazônica,0.5621239781784565
49,O papel dos influenciadores digitais,0.5943418244804151
51,Analfabetismo no Brasil,0.3716275483888341
68,Patrimônios Históricos,0.40277697288606507
81,Futuro seres mais pensantes.,0.41368424533287773
51,Da exclusão ao desinteresse,0.5930010128496196
46,Saneamento básico no Brasil,0.5923506308890584
54,,0.4538876960074089
63,,0.36691162121233256
69,A NATUREZA E A NOSSA SAÚDE EM RISCO,0.6692863828055331
45,O favoritismo e a sociedade,0.4488504469524824
73,A importância da igualdade racial,0.43502512609051597
45,Abuso de autoridade no Brasil,0.40303834727256066
56,Da Situação à Solução,0.42084558128722277
69,,0.5708570715176402
55,,0.4144810425801509
58,A floresta Amazonica,0.5584380104144709
50,A ciência em prol de todos,0.5600155503052628
61,,0.33388768828134113
54,"Importância das vacinas, uma discussão social e política",0.541545970591643
72,,0.5376491612024555
54,,0.5426896624349372
72,,0.5495143841545908
48,SUS PARA TODOS,0.5179027982486151
78,Reforma do Ensino Médio - uma solução ou um problema para a questão da educação no país?,0.5343551306958181
70,,0.4180582860348996
57,SEM TITULO...,0.4992144520190289
50,Atualidade Atemporal,0.47176104521959433
47,Entraves educacionais,0.6019628793049046
50,Covid-19,0.431024541243092
45,O ABUSO DE PODER PARA PRATICAR O PRECONCEITO,0.5184275926989453
84,Projeto de lei 3722/2012,0.5508522801818944
77,Homofobia no Brasil,0.4436045056307071
46,Privatização,0.6375999070688246
47,Só sei que de nada sei A.A.X,0.5664113575098966
50,Ciência contra o senso comum na pandemia do Coronavírus,0.47473836852657
85,"Desprezo à sociedade feminina, um problema, mil soluções.*",0.5732523134289936
56,Atual condição dos presos no Brasil,0.5261988463434099
82,As vertentes da automedicação,0.5918188636472549
81,,0.729199823505629
59,Fome,0.6924936965422496
45,As ações que prevalecem,0.22199080775881894
69,,0.639815682202517
75,,0.4309536035296878
84,Restringir ou não,0.4076025715280732
50,A Importância da Ciência  em Meio a pandemia do Coronavírus,0.5556425963401058
76,,0.5913490332575565
74,VIOLÊNCIA AINDA EXISTE,0.5665068084737376
47,Aprender é um direito de todos,0.4247721228217985
50,Coronavírus,0.4736306504716277
62,O discurso de ódio na Internet,0.49652454049782174
50,Belicismo científico,0.46475368082883606
50,A ciência na sociedade,0.5573395873680331
70,A realidade que precisa ser mudada,0.5517573637766767
57,,0.4626475035819459
56,Preso também é gente,0.4520725475713468
71,"Uma atitude, uma vida salva",0.48920439232286284
77,,0.4925335721720501
55,A importância de valorizar e garantir os direitos dos povos indígenas no Brasil.,0.5548750310156326
64,,0.6799646340986167
54,Imunização consciente,0.44088469761774807
68,O rico patrimônio cultural brasileiro,0.36555506954191963
56,O sistema prisional no brasil,0.25682662315888677
56,,0.4175133623621992
45,JXP-Combate aos superiores,0.5882875765769299
76,Biológico ou discriminativo?,0.41469965076522675
74,Sem título,0.5890988266602487
58,Desmatamento e queimadas na Floresta Amazônica,0.7495454447874963
51,A alfabetização e participação escolar,0.4611442348973884
82,Atenção dobrada ao ler bula de medicamentos,0.4527249107550386
83,Os ensinamentos do esporte,0.4161546560064283
68,,0.32136629083773843
45,"Abuso de autoridade, uma discussão social",0.4360558816515949
84,A legalização das armas será a solução para (a) sociedade civil?,0.3980603133900739
54,,0.6026246519663505
78,"Reforma do Ensino Médio – Consertando a base, Corrigindo o erro",0.47890426325758445
69,,0.6338479004816903
59,A carteira da fome,0.3959363994251421
44,O homem precisa provar que é homem?,0.6052142235800301
63,Negligência em Brumadinho,0.36275624049297184
81,Intolerância no Brasil,0.6754713035252762
79,Recuperação carcerária,0.5231446077506294
82,O conhecimento é a cura,0.33652520917256623
43,.......,0.40786830583131317
64,O paradigma da educação sexual nas escolas,0.5503161039883443
85,Lei,0.564139787966189
70,,0.5217970530695912
56,,0.5593156864192229
57,,0.7759025098032577
47,Obstáculos do ensino virtual,0.45772612110829325
47,Dificuldades ao acesso à internet e formação docente,0.675645834216771
81,,0.5834492258268589
55,,0.5488893537402426
71,Suicídio no Brasil,0.3681670468191111
62,Tudo pode mudar,0.576938306650701
46,Saneamento básico no Brasil,0.7296281905793901
68,Patrimônios Nacionais,0.3900793812042166
51,O analfabetismo persistente,0.430590872308898
43,"A Cultura do Cancelamento nas redes sociais ""FP""",0.5988956280018688
43,A cultura do cancelamento nas redes sociais ###,0.4154205315369232
83,ESPORTE É UNIÃO,0.5553193601824469
56,Atual situação carcerária do Brasil,0.4666941069895912
69,A Utilização de Agrotóxicos no Brasil,0.6690265228688705
82,,0.5167847936884158
57,Acesso cinematográfico,0.3806329703853774
69,"Agro, tóxicos na mesa",0.5601100325724278
74,feminicídio uma luta constante pela vida,0.553963108256911
58,Amazônia,0.7554828756774824
81,,0.485237167684097
74,Feminicidio no Brasil,0.6390630673929683
63,Grandes,0.6372003270722708
50,Corona vírus,0.6410938662787492
64,Sexualidade,0.445984165590817
75,O retrocesso em uma bala,0.6624329869205337
84,A segurança em suas próprias mãos,0.6992869591871822
71,Suicídos no Brasil atual,0.6011248028653517
84,Estado desenvolvido,0.4118475345665614
44,TRAÇOS BIOLÓGICOS NÃO SÃO ESCOLHA,0.5407575727073927
46,A economia é intrínseca a saúde,0.7614260847702768
47,Os desafios do ensino a distância no Brasil.,0.5358609690133158
46,sou1000IR,0.6979618446872078
47,Isso que é EAD?,0.49961118028710055
84,"Mais armas, mais violência.*",0.6534521539264545
49,Nova era de influências,0.6125660731163687
70,Jovem Informado um Adulto Responsável,0.4297959529312214
79,Reflexo do Estado.,0.36486795277314266
44,Medidas para combater as ações discriminatórias contra atletas do sexo feminino,0.5503830922007046
82,Automedicação – um mal necessário.,0.579170754377943
68,A Valorização do Patrimônio Histórico,0.5770440592174532
44,Mulher é mulher,0.5290670022480052
51,A carência de uma educação eficaz,0.5334798976147261
71,Suicídio entre os jovens,0.5959818000381932
58,Novo aroma para um Brasil sem fogo,0.6510381361523992
79,Melhorando o sistema carcerário brasileiro,0.5033137744092469
64,O contraste da educação sexual brasileira,0.5192413052341915
57,,0.539675297176949
59,A alta renda da fome,0.5123295217776931
83,União,0.4674414059033447
44,Até  quando isso?,0.2893464264578289
54,VACINAÇÃO,0.5131997640885338
77,Pré-conceitos com a homossexualidade,0.4206493532658298
70,,0.5240023693931248
62,Discurso de ódio,0.47188690958245316
76,Um ideal de equidade,0.586425574269381
75,Ao armar a população o crime cresce,0.36919365716946234
47,EAD,0.5938072109145304
81,Religião vinculada ao eurocentrismo,0.4957710428340131
84,O Direito de defesa deve ser preservado,0.6579124942247214
51,Leio e falo mas não entendo,0.5300884396397061
78,,0.5018537922652693
69,,0.5273663296181357
52,O choro que não tem informação,0.3901518040296886
47,03 - FBS,0.39381535626270797
49,O poder dos influenciadores Digital ( paloma maria santos),0.44136608462212384
43,A Prática do cancelamento,0.5997304027054523
69,,0.5137776989208249
72,Falácias nas redes sociais,0.49606426261398884
66,,0.5299540039502401
85,Ser democrático,0.2445058794432244
62,A Felicidade se constrói,0.3872280357865715
81,,0.6406901312976897
59,A fome que passa despercebida,0.649490493949711
83,Além do óbvio - O esporte como formador social,0.5685187420104506
54,,0.5245137753829525
55,,0.42857486137005524
73,,0.5256274063724415
82,Cuidando da saúde,0.6944325516683424
84,Liberação de porte de arma,0.5673257683263522
82,,0.5193769395231569
47,Educação na Pandemia (Bdsm),0.7115682868512855
47,EAD-Benefícios e Desafios,0.6572619702030374
44,Papel da mulher no esporte,0.5144963309172387
59,Fome,0.472698211102334
80,Se o Racismo é uma doença o amor é a cura,0.5357753954194882
84,Menos Violência,0.7166682873568808
62,,0.4577849540379732
68,Uma grande parte da história brasileira apagada,0.5812786605869669
55,povos indígenas no Brasil,0.4219087748986508
47,Os obstáculos do ensino EAD,0.5174412830190808
58,A importância de preservar,0.6300163148067895
63,Um problema irreversível,0.3668660680087657
85,ISOPOR E MEIO AMBIENTE,0.6006032770684905
71,Suicídio,0.5304011090324241
52,Gravidez na adolescência,0.48944943378152944
59,A fome e os motivos da desigualdade,0.5800287724121131
55,Patrimônio do Brasil direitos iguais para os Indigenas,0.5608646429060378
54,,0.5123456553269239
70,,0.47459785009863886
54,As Vacinas Como um Meio de Prevenção de Doenças,0.4948574405218806
55,Fazendeiros maquiavélicos,0.46495926911341545
52,Gravidez precoce,0.557845498152903
63,DESAFIOS PARA UM MUNDO MELHOR,0.3485975358985022
83,,0.5307456429681612
63,Os Impactos Ambientais e suas vertentes,0.5583012391926573
59,,0.6314480938313785
48,SUS- Dependência do cidadão e desumanização do direito civil,0.6897296630709713
84,Porte de armas e criminalidade no Brasil,0.6222083418077581
66,É possível ter privacidade na internet?,0.43842392845965383
73,A diligência pela igualdade,0.36512324791711115
66,Os planos de internet da manipulação.,0.5176941084732282
74,Misoginia em cenário brasileiro,0.5419414720872259
83,Prática de esportes,0.44914760694161227
56,,0.5340488963738453
58,A importância da floresta amazônica,0.6010620773881699
71,Suicídio,0.7052496839926131
45,Uso da autoridade para atos violentos.,0.6562643101419087
75,A verdadeira face da violência urbana,0.5698234036502605
43,Cancelamento prejudicial,0.56670670029383
49,...,0.4246753500136209
43,O Problema Do Cancelamento Virtual,0.5333548414983267
69,Harmonia entre o meio ambiente e agrotóxicos,0.6233989383243977
74,"Feminicídio não é crime contra mulher, é contra a sociedade",0.6387383408984529
54,Crise No,0.3107707110811798
73,,0.6901104989368908
49,Redes socias,0.6058892046754973
44,Uma mulher tem que provar que é mulher?,0.6601478015507369
46,O saneamento básico no Brasil,0.7540478088773558
50,A ciência aliada com a Saúde,0.536308128354744
72,,0.68430394941571
84,,0.6347082880120637
72,Fakes news versus eleições,0.43579687617097274
44,A discriminação de cada dia,0.2510831603581166
54,,0.5293039622431465
51,Alfabetização,0.4882569464136156
63,,0.2896542655208912
60,Do ponto de vista,0.5956261286919439
83,Esporte em questão,0.5444384858411722
48,Importância do SUS dentro da qualidade de vida brasileira,0.518087276440399
47,Educação a distância,0.5013901586656804
50,Empoderamento global,0.33571773728607834
50,Desvalorização da ciência no Brasil,0.5744669842148816
71,Suicídio o mau do milênio,0.5790136640685234
48,O acesso a saúde pública no contexto brasileiro,0.4964783294045898
58,,0.5259412259197865
78,Reforma do ensino médio,0.418310649795647
48,O SUS e a esfera de prevenção,0.5106170031945566
85,As Iniciativas Populares.*,0.5674637108199274
64,Educação sem tabu,0.5844519688616864
81,,0.5453073426034256
43,Cultura do cancelamento na rede social 8,0.4967384366138172
70,A DST No Brasil,0.4778479066087312
58,SOS Amazônia,0.576410163578072
60,Reforma da Previdência e Privatização,0.5970134809454913
43,Cultura do cancelamento,0.5586466610780189
76,,0.5976148100718486
48,O hodierno contexto do SUS,0.7117749707895489
47,Educação a distância,0.4071012099119075
56,Fábricas de ódio,0.49774743022960644
78,A educação para todos os brasileiros,0.6593094075554313
65,Criminalidade juvenil,0.41461787497996433
50,Maior arma do século XXI,0.578297854722515
63,Mineração,0.4242475922823611
58,Um futuro mais verde,0.711919472870342
49,Marketing,0.4292289510663795
59,,0.6730298652713876
52,A eficácia de algumas medidas preventivas no combate a gravidez precoce,0.608540623949725
50,Coronavírus no Brasil,0.37617538913535176
58,Se não mudar o sistema os erros se repetem,0.4710468843704726
84,"“Segurança pública, dever do Estado, direito e responsabilidade de todos. ”",0.48709377331228604
54,A desconfiança sobre vacinas aumenta à medida que as doenças somem,0.6039795448365225
44,Desigualdade no Esporte,0.5559280059834361
62,Ódio nas redes,0.6434375920809843
79,O sistema carcerário no Brasil,0.5587710188649354
56,Educação limiar contra a criminalidade,0.3562606800360454
67,Indianismo contemporâneo,0.654184476011166
58,,0.7169971254007483
83,Os múltiplos benefícios da prática esportiva,0.5279227719311324
48,Carlos Oliveira,0.6246298425387369
49,Influenciador digital,0.4860738802828229
56,Direitos Humanos,0.48720182274779317
84,Porte de armas pela população civil,0.5924180805409589
70,O aumento das DSTs está ligado ao descuido dos jovens em relação ao sexo.,0.46400158646942474
68,Cuidados,0.72610246484552
43,Linchamento de perfis,0.6089444992430562
70,desafios e soluções para o combate das DSTs,0.506872216997345
47,Acesso tecnológico e virtual para todos.,0.5472001238159475
46,Saneamento básico,0.3546034393692347
56,Educação transforma,0.5371433817038606
54,O drible na saúde,0.5279017456725269
60,,0.5668236785522285
56,A educação fecha prisões!,0.499943396203539
51,Analfabetos funcionais no Brasil,0.47374690424552823
62,,0.41855192400732
49,Influenciadores digitais nas famílias,0.5057931156827045
70,Sociedade despreocupada,0.6060269934272613
73,,0.438870345278209
45,Abelhas que Não Produzem Mel,0.39635682327336247
72,,0.517498772775114
68,O futuro vira história,0.6864966343397026
49,Influencia da tela,0.38130116416585513
63,Vamos precisar de todo mundo,0.34892497251264365
69,,0.6472486690184387
72,Fake News suas causas e consequências,0.5340569670480187
72,,0.5588522819839756
82,Necessidade de acompanhamento médico,0.48692934859412323
83,O peso da inatividade,0.5598291477280725
69,O uso de agrotóxicos no Brasil,0.5462106906534544
51,O panorama que deve ser mudado,0.48889786222612047
58,A conscientização da preservação da Amazônia,0.6198799915794311
50,A ciência como ferramenta global,0.4436034474723967
55,Dizimação dos povos indígenas brasileiros,0.6961845035682723
56,Crise no Sistema carcerário do Brasil,0.5736796429188146
73,Caminhos para superar os desafios encontrados pelos negros atualmente,0.36562652566143167
83,,0.432791373276415
75,,0.5566143489542495
69,,0.5925136189365011
73,A busca pela sociedade igualitária,0.39158656961040184
83,"Desigualdade social, como podemos mudá-la?",0.14710579980922805
62,O Mau da Internet,0.3523222976997
81,"Ame ao próximo, como a si mesmo",0.5199387094747966
51,Analfabetismo funcional no Brasil,0.54036419441316
55,,0.5833598494077619
45,Abuso de autoridade - Conduta anti-ética,0.4444692271026328
43,Redação 23 - A cultura do cancelamento nas redes sociais,0.6237753074264847
70,A falta de conhecimento sobre as doenças sexualmente transmissíveis,0.5259769870048663
50,A pandemia da COVID19 no Brasil,0.36219513584978114
45,O homem natural é inimigo de Deus,0.303342243468132
84,,0.6326662792088574
46,Os dois lados da privatização.,0.7641958515691117
49,Digital influencers,0.512549135118647
70,,0.5237736655055933
70,,0.48831079433198493
72,,0.4884740387288673
85,Projeto de iniciativa popular,0.4114164697956766
47,OS DESAFIOS DO EAD,0.5650373891680787
57,,0.676682108743699
56,A crise carcerária,0.4576127354635815
46,a melhor solução - S,0.5402244620511383
46,A IMPORTÃNCIA DA ÁGUA,0.342463387259047
48,SUS,0.5637165326233812
76,Colaboração e ação,0.5081600803008796
83,O exercício do esporte possibilitará a paz,0.5769378604696476
83,,0.3564186664278929
43,O MAL DO FASCISMO,0.30957424792826205
44,Pautas sobre ''Let Her Run'' necessita de inclusão.,0.47925094140813984
50,A ciência como combate ao coronavírus,0.5301175693500408
78,Um problema ainda maior,0.5262750312172695
50,A necessidade de debater a importância do ramo ciêntico para a sociedade em tempos de coronavírus,0.5881016361875384
49,Os limites dos digitais influencers,0.5677452498503668
43,vish kk,0.44862634385639133
59,Fome,0.6541647406339667
58,Floresta Amazônica,0.709533468663455
50,A superação clínica com inteligência no Brasil,0.4662267014214955
43,TEMA,0.601530674148569
70,,0.4472046927168031
52,Gravidez na adolescência,0.5497756579973527
75,Esse não é o atalho pra sair dessa condição,0.5073502074816078
77,Internautas unidos contra a homofobia,0.5268664145446813
55,,0.4043241923883004
54,Vacinação em Ação,0.5205439366380358
83,esporte e seus beneficios,0.4350695468854008
70,Como combater o aumento das DSTs,0.382144201251589
66,,0.5445694434747657
84,Injustiça de armas na mão,0.5361182446294924
56,Atual sistema carcerário do Brasil.,0.46371026622798045
80,Educação e igualdade para o Brasil,0.34850003264101514
46,Precariedade e falta de acesso,0.6637464676762292
81,Livre Arbítrio,0.5704403446990687
70,"DST, melhor prevenir",0.5443094559129368
46,Privatização do saneamento básico,0.6478411933103124
78,,0.5413790481587636
52,Jovem gravida,0.4921014430971089
45,Abuso de autoridade no Brasil,0.4547187165839555
51,Analfabetismo Funcional e a Crença de Incapacidade,0.4849799397402497
55,,0.594701455375122
49,o papel dos influenciadores digitais,0.5408035948982508
46,Saneamento básico e para todos,0.7493661137441103
72,O mal da fake news,0.6691829265379365
72,Informação sem fake,0.5292081400177828
54,A picada que salva vidas.,0.624727029821847
45,A forma que o poder é utilizado,0.5797451388610786
63,"Novos erros, mesmas falhas.",0.3805166971959698
73,Aonde chegamos?,0.5789008100292389
57,Camila Carminati - A DEMOCRATIZAÇÃO DO ACESSO AO CINEMA NO BRASIL,0.6304980752884892
62,,0.6461537183054904
60,Uma reforma sem efeito,0.6515399817261759
63,"Punição, a chave do problema",0.44811534988946305
69,Os frutos do agronegócio,0.45098359942432414
51,A luta pela educação prevalece,0.3528533454757813
82,Automedicação seria um bem necessário?,0.4810624787324538
73,,0.5293270793681117
57,,0.6050131415697034
54,,0.5109702528030684
45,Negligência estatal.,0.5771173622658196
81,A intolerância religiosa no Brasil,0.6421033827792193
55,,0.5351584617653753
79,,0.5457778412220673
62,Reumanize-se,0.5980810952873982
48,Sistemas de saúde,0.6994453458133016
70,A desinformação sobre as DSTs,0.698383528975073
58,,0.6253319137483009
78,Mudanças são necessárias.,0.5456963668564498
78,Valorize os professores e a mudança ocorre naturalmente,0.5451610942159831
85,A mudança começa pela educação,0.30471699598083485
46,A importância do saneamento básico,0.6777075736088904
50,O Passado remete ao Presente.,0.4885824341079489
44,O Direito de TODOS,0.3423905676617125
52,Amadurecimento prematuro.,0.5906229520087828
57,,0.5446742856108195
47,Falta de capilaridade da EaD,0.5696365878133326
83,Atividade física e social,0.527647051362374
76,Por um basta a equidade de gênero,0.6151116018351551
45,Os desafios enfrentados no combate ao abuso de poder na sociedade brasileira,0.46058658804392927
43,REDES SOCIAIS E A CULTURA DO CANCELAMENTO,0.5334262705502985
78,A importância da reforma do Ensino Médio,0.5226662195663646
84,A luta é pelo desarmamento,0.2574438168634198
50,Combate ao coronavírus por meio da ciência,0.4467094856614642
52,"Gravidez precoce, um problema estrutural",0.5178226560696397
84,,0.5030324128584083
45,Eudaimonia ética,0.4451287222701929
43,paradoxo da cultura do cancelamento,0.6142667587408657
59,,0.48190016701068644
43,A Cultura do Cancelamento Deve Ser Cancelada,0.585002750099836
85,País sem lei,0.39107069997693517
84,,0.40642810929607565
43,A cultura do cancelamento nas redes sociais,0.3955354187954932
81,Amor e Respeito geram a paz,0.6228472696045433
60,A melhor solução para o Brasil?,0.5624464572567341
57,Uma questão de cultura,0.6131010175809625
78,Uma,0.512291417286857
48,A desvalorização de um sistema que salva vidas,0.7377252548443991
45,O AUTORITARISMO AINDA PERSISTE,0.5470478669941815
44,Seria a World Athletics realmente preconceituosa?,0.4653844626925784
56,A desumanização dos presidiários brasileiros,0.44948551211252724
52,Gravidez na adolescência,0.49033556668519634
59,,0.7359283612316936
63,Nem carrascos nem vitimas cidadãos consciêntes,0.3576826055018229
63,,0.4724252313404426
54,Conscientização da vacina,0.43570615876577806
52,"Gravidez precoce, um milagre indesejado",0.5062792265322817
44,Discriminação ou preocupação?,0.5807628895529421
73,As pessoas precisam aprender a lidar com as diferenças,0.47107981890184325
62,o repudio do ódio nas redes sociais,0.389939345244171
55,Índios,0.39639122672841337
51,"Educação debilitada, uma estrutura que persiste",0.36284229282787367
48,SUS,0.7262193199227416
46,A questão da privatização do saneamento básico no Brasil,0.7416334574571842
48,O precário estado do SUS no BRASIL,0.6365517630309379
75,Os dissabores da falsa segurança,0.5471984537054612
63,,0.44852426830553377
52,A verdade sobre a gravidez na adolescência,0.5196642180879951
84,Portes* de armas pela sociedade civil,0.6984595830760126
61,Suicídios de policiais - Uma tendência a ser discutida,0.5712538449187149
62,,0.38836164490699937
51,Analfabetismo ainda um problema no Brasil ?,0.3872049035886089
79,,0.5837173839247329
48,Desafios do SUS,0.544487655447598
48,A saúde pública no Brasil,0.6255023220521145
69,O Uso de Agrotóxicos no Brasil.,0.6342864880683017
43,Sociedade do espetáculo,0.4077247432301716
59,Fome no Brasil?,0.650905352669784
44,Deixa ela ser mulher,0.38104673829372476
61,O suicídio no setor de segurança no Brasil,0.6679616974561151
78,A educação na co t,0.45863600329780363
44,.,0.5360675583495227
63,Efeito Reação,0.3896033183966114
79,Entendendo a realidade,0.5453033467461093
68,,0.6172940530326573
84,O que pode ser melhor do que o porte de armas?,0.6331265008904918
60,Não é apenas o sistema previdenciário o problema,0.5914725816938408
43,A cultura do cancelamento,0.5036480427197739
51,"Li, mas não entendi",0.4440470122528489
44,Comprovação Feminina,0.44881110179613964
58,O último suspiro da Floresta Amazônica,0.468417150954218
55,,0.5993876951451668
80,Combate ao racismo,0.6086775558298423
48,O impacto do SUS na saúde,0.6792270056492576
44,Deixa ela correr - Ela não precisa provar que é mulher!,0.5277402130408473
44,Abusos disfarçados de regras,0.516266242458853
51,Analfabetismo funcional,0.5040561221135671
81,,0.5040000554054962
76,Equidade de gênero no Brasil,0.4525252170313411
45,o Abuso de Autoridade no Brasil,0.3935790429359527
43,O Hábito do Cancelamento,0.5602379322059261
64,O Estado (que deveria ser) Laico,0.3475464018047951
70,,0.34396531538495445
49,Um influenciador mal intencionado,0.3890051431164837
43,.,0.4868152241208082
78,Brasil,0.6215459537930823
46,Privatizar para melhorar. Ou piorar?,0.5658302071570606
63,Fiscalização preventiva,0.3338234592879458
79,Das rebeliões à educação,0.5361037247155463
74,Por que ser mulher é tão difícil?,0.5070088363818721
85,Uma forma de reparar o sistema politico,0.5808948585311549
44,**,0.5552859921384088
71,O suícidio entre os jovens,0.41038131282634316
84,Porte de armas não é a solução,0.5242681669643355
82,vivendo de opinião,0.31390376828046557
73,,0.41903920994140986
79,O Sistema Carcerário Brasileiro,0.5379114504828711
72,,0.47041731408611875
45,#A.A.X is my name,0.2687745356966321
45,vish kk,0.43500930448599706
63,Por um planeta melhor,0.6145295041129935
77,Homo (sapiens ou fóbico? você escolhe!),0.4771804259325797
72,,0.39076757083126085
72,Compra de fake news nas eleições,0.678872675487096
73,,0.5451895574248301
76,,0.4348985688375179
43,Cultura do cancelamento,0.6287906120036852
73,Desafios encontrados pelos negros atualmente,0.41671847247621696
70,O fantasma DST volta a ter forças,0.4870709690455626
83,Atividades,0.517953284861148
52,Gravidez precoce,0.601519911444063
85,Urbanismo democrático,0.5059982286017136
60,Aposentar? Talvez,0.48422219310067843
73,Um preconceito que persiste,0.5006641496391472
50,Ciência é a visão de melhorias para o futuro,0.4214131705334023
50,A ciência é a melhor forma de prevenção.,0.5641317333381353
66,O controle do mundo e a internet,0.5018439169209056
44,Sociedade machista,0.5140975659027951
60,Forças Excludentes,0.5280536947466011
73,Problemas étnicos raciais,0.48321368212875304
58,Desmatamento na Amazônia,0.6367180881924953
47,Educação a distância e a falta de acesso à internet,0.4990280734266764
78,Os jovens podem não estar preparados para decidir um futuro,0.578342520194895
55,Histórico cultural brasileiro em risco,0.5793600506701877
55,O cidadão também é índio!,0.683195899608207
81,A necessidade de vencer a intolerância religiosa,0.5620380421277389
58,Proteção da Amazônia,0.7566788577812101
63,,0.4498484753700622
45,.Abuso de Autoridade no Brasil.,0.5577021977296402
72,De olho nas informações,0.5591899289084751
73,Negros na Atualidade,0.47316451242194485
50,Faz mais medos para os idosos,0.3556247345141281
53,Internet do passado de pesquisa e guerra ao futuro da tecnologia,0.40903503848853573
51,"Educação no Brasil, existe?!",0.39416998821612903
58,,0.64686776408218
62,,0.6018551008207156
68,Valores históricos,0.522588635818078
71,Rede sociais e suicídio.,0.564454825948495
43,JXP-A solidificação de uma sociedade líquida,0.5077581783109182
51,Analfabetismo funcional no Brasil,0.5357949187723204
79,Uma mudança histórica,0.4851708300789258
85,Utopia De Um Brasil Do Povo,0.510440728364543
57,Democratização do acesso ao cinema no Brasil,0.6708806938841314
70,,0.5464001905714604
44,Direitos iguais para todos (G),0.3983130070200903
84,Por quê* armas?,0.7061870997802859
85,A Honestidade é o principio de toda lei,0.5545027055974622
81,,0.4482720350816249
54,Falsas informações,0.6164700614887318
59,Fome como uma consequência,0.4824981241019405
45,Abuso de autoridade,0.4406870165549344
57,Acesso,0.4454374041986138
70,,0.49003538381282696
61,,0.5428706808020318
56,São muitos problemas.,0.3702888016610804
43,A cultura do cancelamento nas redes sociais,0.5045399904858956
85,Empresas Mineradoras e seus impactos,0.23259028417998195
52,Gestação Juvenil,0.5632635464345505
50,Efeitos da pandemia na sociedade,0.46202445932588937
74,,0.6106950463272115
84,Porte de armas,0.5951901950283185
77,Preconceito troque por Respeito,0.4066592381765034
54,A Ignorância brasileira,0.41480569320400706
52,Perdendo a vida desde cedo,0.4975214214115161
52,Descomprometimento à informação,0.6099734501731515
82,Uma,0.5274755535319442
63,,0.5558283812845265
64,Educação sexual,0.5770397813793045
46,"""...""",0.4740463008039711
44,...LET HER RUN...,0.5462749727817311
54,,0.529267664936067
52,Riscos e prevenções para uma jovem gravida,0.6298281398329237
85,Que país é esse?,0.4751991257386176
77,Homofobia,0.5076054155311728
47,Desafios na Educação a Distância no Brasil,0.4994181396981083
45,0000,0.3791498073554913
81,Celebração ecumênica,0.5838883778910136
73,,0.43930971948823294
84,Livre porte de armas,0.5029355232462167
84,Educação a arma certa.*,0.5377617869615111
64,Educação é o melhor contraceptivo,0.6105024825275402
58,Preservar,0.5761906154503936
44,Discriminação de gênero,0.41280300125234887
73,Desafios atuais,0.6007911791150532
71,Um grito silencioso,0.4955988843595419
49,o papel dos influenciadores digitas,0.4918039776927443
80,"Diferentes raças, mas a mesma espécie",0.5286062209473564
54,A mornidão social e estatal em relação às vacinação e imunização dos brasileiros,0.5280767966516309
45,abuso de autoridade,0.6136869058108388
84,"Cidadão sem arma, cidadão sem vida.*",0.7029138779251671
78,Mais estudo é mais conteúdo?,0.5785978767117259
55,valorize os povos indigenas do Brasil,0.18384557291893203
46,As entrelinhas da privatização do saneamento básico no Brasil,0.5333552576471571
83,Olimpíada,0.5020787396527244
56,Algemas ou Livros,0.5910437878924631
62,,0.4916444889433603
76,Gênero não condiz com capacidade.,0.5847648950963154
47,...,0.40386118797707893
83,,0.36538456956154813
84,,0.5427468028749353
83,O poder do esporte,0.6374029303830191
74,Quem maltrata uma mulher não merece ter uma,0.45611986815292593
83,O esporte faz bem,0.5587985387797555
73,,0.6178958742338455
80,,0.48827871738184586
50,"Corona vírus, a nova pandemia que marcou o mundo.",0.3950397256893533
50,Pandemias,0.5506657869699053
52,Gravidez na adolescência,0.6804527821659383
47,Educação a distância e suas desigualdades,0.5077311351886781
81,"Busca de mais liberdade, igualdade e fraternidade às religiões",0.5813954843784683
83,"Se você não cuidar bem do seu corpo, vai viver dentro do que?",0.47817274310421576
78,"O médio-técnico, um plano a longo prazo",0.4466397111127608
76,,0.5965022235541881
74,A morte da própria mãe?,0.4374541994376874
75,,0.4419566846229681
44,É necessário aceitar as limitações femininas,0.385982754967301
59,A fome não é o problema,0.595003784254834
71,,0.42202450080282267
51,Analfabetismo funcional no Brasil,0.2659604544036025
80,,0.5301370566783726
79,Educação e cultura transforma,0.470946991769577
83,Esporte é saúde.*,0.7205459205631358
81,Combatendo a Intolerância Religiosa no Brasil,0.6480829526196673
57,Cinema é cultura,0.567805489663232
43,Cultura do Cancelamento,0.7137255620721041
53,A Influencia dos Meios de Comunicação na Sociedade Brasileira,0.4165807628872002
83,"Mais que uma atitude, uma escolha.*",0.5417020615098362
79,,0.6317758238188006
82,,0.5777813804511022
48,A saúde pública no Brasil,0.6689132282782815
56,A solução para o sistema prisional brasileiro,0.5753940014212777
46,Privatização  - A solução para a melhoria do saneamento básico no Brasil,0.6210319295469641
69,Todos têm o direito.,0.5751541940809939
48,Os Problemas do SUS na Prática,0.4819184959497173
57,,0.5794707578174033
62,"Propaque Amor, não o Ódio!",0.5122674877245695
62,O ódio que segrega,0.2739518653412612
43,cancelamento nas redes sociais,0.638709070568961
84,Legítima defesa ou incitação à violência?,0.6678707126098562
47,EM BUSCA DA MELHOR IMPLEMENTAÇÃO DA EDUCAÇÃO ONLINE,0.6091939357914213
84,Arma* que matam,0.609390084144637
58,Qual floresta queremos para o futuro?,0.38286093979267344
47,REDAÇÃO.,0.5970582348153818
44,Por quer provar que é realmente mulher,0.34972330198723933
75,,0.49049771312415275
57,,0.6028372774827605
69,,0.4449372625774134
61,,0.623019019139966
84,,0.4816908584078157
44,Deixe ela correr,0.4603474069138825
57,Democratização do acesso ao cinema,0.7274875952332129
46,Universalização do sanemanto básico (bdsm),0.644851007092937
84,Ter segurança é importante,0.7705396095093595
47,Os entraves do EAD,0.4221917037773242
83,O futuro do esporte,0.6421782846473005
51,o comprometimento com a educação,0.3389572969823026
50,Coronavírus,0.4621675189704792
84,Na mira da liberdade,0.6542690755723745
51,A Leitura desatenta,0.5067173092521107
84,"Inocentes, mãos ao alto!",0.570467927912518
84,O porte de armas aumenta ou diminui a violência?,0.5890503305960506
48,Cuide da Vida,0.5682396345846172
76,Uma luta antiga,0.4951114415224638
49,Responsabilidade sobre a Influência Digital,0.443618344888101
84,Revogar não é a solução,0.7054671825803253
71,O suicídio como uma forma de autodefesa,0.5949520181985174
84,O perigo das armas,0.5591628867602452
51,a mente preguiçosa,0.40640904791829485
57,,0.8030405433942258
64,Educação em si plantando tudo dá,0.6733420412112283
50,Não é só os médicos,0.2904219044608156
51,Analfabetismo funcional no Brasil,0.4749208776127959
52,Gravidez precoce na juventude,0.5838102842197792
51,Analfabetismo funcional no Brasil,0.4543131733138409
49,O papel dos influenciadores digitais,0.39654033336033445
66,,0.4154015174732408
49,Os influenciadores digitais e seu papel social,0.5750947518227509
80,O racismo em combate,0.4476434513655092
63,"A primeira vez é tragédia e a segunda, farsa.",0.5608332444626475
56,A problemática da população carcerária no brasil e a ordem social,0.49734533570869266
45,Abuso de autoridade no Brasil,0.7427010387936769
78,,0.5930386621334696
78,"A reforma do ensino deve envolver qualidade, não apenas mudanças ao acaso",0.5348912050983701
49,Quem  e o erro meio digital,0.28692167072001407
79,O descaso do sistema prisional brasileiro,0.5993382053262498
51,Analfabetismo funcional,0.4128526539718605
51,O corpo não pode existir,0.5222761888387257
58,A importância da floresta amazônica no mundo,0.7446655624774399
85,"A INICIATIVA POPULAR, UMA GRANDE AJUDA",0.44022528902175334
74,Quando o passado continua presente,0.5647853080930897
78,Reforma do ensino médio,0.513209989799681
60,Estamos envelhecendo,0.4353500654914825
69,O veneno está servido,0.6197784649449115
59,Famintos por proteção,0.46452486756855854
53,Autoformação de opinião - Uma cobrança à garantia constitucional,0.45678964479793244
48,SUS,0.558098355572809
50,A ciência contra a pandemia,0.5183938375818319
59,,0.5122779626269947
49,Os dois lados do papel dos creators digitais,0.676449521805771
52,Uma Questão de Atitude,0.49289320888602217
84,Porte de armas. Defesa ou risco?,0.6551390673486269
55,Nada mudou.,0.47496285699022667
75,,0.6981027077078091
50,Corona vírus,0.4738471966978836
51,Eva viu a uva,0.4815695655799006
44,anny certaa,0.42860336938568505
50,Viver é uma arte um oficio só que agora precisa cuidados porque o Coronavírus pode está do seu lado,0.42089716403028926
49,Os dois lados de ser um  influenciador  digital,0.6309733032460203
79,,0.46667998707324215
73,,0.47705109404636326
46,A ATUAÇÃO DO CAPITAL ESTATAL NO SERVIÇO DE SANEAMENTO BÁSICO,0.6687372955079478
62,Crimes de ódio,0.5309233682759451
78,A verdadeira necessidade da educação,0.5373830413190225
78,Faça-se a luz!,0.4873969471080723
47,Impasses na educação brasileira,0.5389553962371441
82,Perigo da automedicação,0.4525306101204861
83,Em Busca da realização dos sonhos,0.5635242675854767
76,Uma luta e um machismo que já dura décadas,0.4332700716681431
49,"As vendas indiretas do ""life style""",0.3350160900001643
56,A humanização dos detentos numa perspectiva de reciprocidade criminal,0.3920460845532959
49,As influências do século XXI,0.5733090735747537
72,,0.6160647455313153
71,Adolescente logado jovem frágil,0.39608917301469815
72,A propagação das fake news no Brasil,0.6165067262256478
47,desafios da educação em meio uma pandemia.,0.5173809030337355
60,,0.5730073176885195
56,Além da prisão,0.42682190125237823
84,Sem armas estamos mais seguros,0.5179180125488113
52,Gravidas vertentes da nova geração.,0.4926251398283337
59,A fome como um reflexo da desigualdade social e do desperdício alimentar,0.619790521544329
73,cabe todos num só país,0.2132104086799295
62,Militantes de ódio,0.561914874046738
47,"Da ""cegueira"" à perspicácia",0.485844137786957
47,EAD,0.6176647233629226
76,,0.4154040562406045
79,"Sistema prisional, uma realidade social",0.43807578820241816
69,Agrotóxicos,0.6149784197812312
78,A reforma do progresso ou engessamento?,0.6175996405554288
55,O valor e os direitos dos povos indígenas brasileiros.,0.653214852230869
44,Encaminhando-se contra a prova real,0.6433364302101324
81,Acabando com intolerância religiosa,0.5848172352089631
74,,0.5610623031231756
49,O impacto dos influenciadores digitais,0.5356632143573815
44,"""Let Her Run",0.41813201285745083
82,Automediação tornando-se um vício,0.5082530384558656
72,A falsa rede social,0.5335822026352661
76,,0.5445854222749275
45,Abuso de autoridade-_,0.4981547914879282
49,O poder do influenciador,0.628364238808123
55,,0.42544988510349635
72,,0.6513642134637453
74,a concepção de igualdade de gênero precisa ser revista,0.5620193447264272
58,Preservação da amazônia,0.2919622656766567
59,Estômago vazio,0.37539796669140957
54,As vacinas em mãos de quem?,0.6108353097280266
60,População idosa e a reforma da Previdência,0.5898396301425473
46,"Privatização do saneamento básico, uma discussão social e política",0.603997687512742
78,Consequência de uma decisão,0.5822539160971898
67,Sociedade e população indígena,0.5715118023319875
58,Lágrimas de Fumaça,0.538605537864042
46,Privatização do saneamento básico,0.612478353761404
76,,0.5565670609899929
82,A automedicação responsável,0.663397545687249
58,Um novo futuro é possível,0.5146309163631851
62,O discurso de ódio nas redes sociais,0.5899691803779934
70,DST,0.4684074087481502
68,um pais sem memória.,0.5839241668167146
43,!!!,0.4997958521371201
74,Diretrizes de Gênero,0.4969158841138669
54,,0.6715346816086172
81,A educação é o melhor caminho,0.5651194665179451
74,,0.5225386500075301
54,Saúde em primeiro lugar,0.48044027217573493
85,Á Voz do Povo,0.620532003371216
44,"""Let Her Run""",0.5254882342961585
85,Sustentabilidade no meio ambiente,0.427402150677005
44,Let Her Run##,0.3811337606277141
82,Dose certa,0.42677842896338203
63,Luta pela sobrevivência,0.5912486290886033
47,Escola em Casa,0.6459341653910591
84,Segurança para quem?,0.6664393130938335
82,Automedicação problema de saúde pública,0.5520776329445664
82,Automedicação,0.5030090238004652
76,"Representatividade feminina, o alicerce da desigualdade de gênero",0.5182701789523874
69,,0.6106028101523344
81,,0.49152677325922767
47,A trama da educação a distância no Brasil,0.475441469053417
56,,0.4077215913374099
51,A educação e seus caminhos contra o analfabetismo funcional no Brasil.,0.4945964414863556
84,Se armar não é a saída para a violência,0.4024795529463896
60,A duvida é a resposta.,0.595475875824469
46,A importância do saneamento,0.5591384018245574
58,,0.7105313495042027
75,A arma necessária,0.6504471381330023
83,O esporte é fundamental para a formação de cidadãos,0.5289742290126477
83,Por um mundo mais consciente e saudável,0.5802226132279574
70,A IMORTANCIA DOS CONCEPTIVOS,0.5824221557251149
72,O pensamento crítico e o combate às Fake News,0.4974400462908263
64,O papel do educador em orientar a vida sexual corretamente,0.48461100722924094
78,Laranja mecânica e a reforma brasileira,0.5966768393440273
43,cultura do cancelamento-111,0.4653819879323394
83,Práticas esportivas pra já!,0.2578446260836779
49,O papel dos influenciadores digitais na sociedade brasileira,0.5933655697072054
55,,0.6015149334233698
47,As dificuldades no encino a distância.,0.5250735258875864
82,Automedicação,0.6627785652829896
46,Privatizar está longe de ser solução,0.6147934592993773
68,A valorização de uma história cultural,0.4052586604347102
85,A base de um governo é seu povo,0.414156235284196
64,"Educação sexual, uma discussão social",0.542277553179046
55,Povos indígenas e seus desafios,0.654482023451313
74,Mal de todos os séculos,0.5796658504590545
48,Importância e dificuldades enfrentadas pelo sistema de saúde público,0.6176077443706491
84,,0.6805419711492956
46,Privatização do Saneamento Básico,0.5989393272207261
68,A importância da cultura,0.39706745034206176
56,,0.6188611800138837
64,Educação sexual,0.6618458024412236
82,Por uma sociedade mais consciente,0.5409747358504114
44,Segregação Hormonal,0.49654260423642205
62,Uma enfermidade contemporânea.,0.4725277758128847
54,A importância da vacinação para o indivíduo,0.5620280446782024
60,A Reforma previdenciária do Brasil,0.4951231406451003
69,O uso de agrotóxicos no Brasil,0.5423815457357138
45,Lei de Abuso de Autoridade,0.7126187662739601
73,,0.5764648593431558
85,projeto de lei tem que ser conhecimento popular,0.6093363673241183
58,A importância de preservar a floresta amazônica,0.6882794092763374
62,,0.4875598483909509
64,da educação sexual na escola,0.48331195058221765
54,,0.6456359297557611
54,A vacina faz bem e isso não é falso,0.5676579166335958
47,educação a distância e exclusão digital,0.6010642825034048
54,,0.4409419506059702
62,A liberdade de expressão não pode se sobrepor ao direito a vida,0.57018968194785
70,Doenças sexualmente transmissíveis (DST's),0.4445163663125586
55,Os povos indígenas e o Brasil atual,0.47985514392804707
45,.,0.6303258977125767
63,,0.5347560785290086
43,Respeito a ideias e cautela no julgamento,0.5341913532748054
73,A liberdade precisa de condições para ser exercida em sua plenitude.,0.6407575072299097
59,"FOME, REFLEXO DA CONCENTRAÇÃO DE RENDA",0.527261412881547
49,Influencers Digital X Boa Influência,0.4919592011159979
52,Os problemas da gravidez precoce.,0.5670508649130711
51,Analfabetismo Funcional,0.5662889302771883
51,A importância da motivação,0.45743530586482867
85,Lei da reciclagem incentivada,0.3976973289629913
74,Combate á violência contra a mulher,0.4988879496972741
60,,0.44344720173869834
78,Mais um problema...,0.640317436981682
60,Crise no Sistema Previdenciário,0.5352648200705086
45,Caminhos para um Brasil sem abusos de poder,0.377775825424418
46,Privatização do saneamento básico a.a.x,0.5116445519029588
44,Movimento Let Her Run,0.48859413707311133
56,,0.49684777085032633
84,Porte de armas em questão liberal.*,0.6706712532469276
54,,0.588939894766366
78,Ela não pode ser aprovada,0.6190815516273018
84,É possível liberar o porte de armas de fogo,0.6360533738700963
68,,0.4154393751701943
54,,0.4844570288800345
83,Trabalhando o corpo e a mente,0.5864748065731018
52,Gravidez precoce problema sério,0.5954781481336312
45,Redação do K.E de Lima,0.6611040103138195
44,Transtorno de desenvolvimento sexual e preconceito no esporte,0.473637444143502
43,.,0.5419844420522999
49,Más Influências,0.20400011054741776
76,,0.6352294785851542
83,O espírito olímpico que atenua problemas globais.*,0.30078565950069586
60,A PEC dos números,0.3478894090106333
50,Ciência como Arma de Prevenção,0.47469686074711903
69,Preservar o solo,0.5868928069453572
68,,0.5880942706863921
45,O excesso de poder e o desvio de finalidade,0.5415557355918791
64,"Educação sexual, o tabu!",0.5097582737926318
63,Quais as soluções para os impactos ambiemtais resultantes da ação  de grandes corporações,0.485811851875239
80,Destruindo o racismo,0.5415887043133566
72,,0.47361138323421337
47,Educação a distância,0.629339877174507
62,,0.5608963414619463
51,Analfabetismo funcional no Brasil tem solução?,0.5348827066160587
76,"Plantar igualdade, colher desenvolvimento",0.5193054547400208
79,,0.4517558207406233
57,,0.3859682440527513
48,O SUS como garantia de saúde para todos os brasileiros,0.46090168324750774
77,Respeito,0.5381626639316133
51,Analfabetismo funcional,0.4202545127228966
55,Minorias em extinção,0.6136791280344834
83,"Esporte,uma possível solução para um mundo melhor",0.5385790521727735
49,A função dos influenciadores digitais na pandemia,0.5716166122500289
78,,0.5597925491827794
48,Saúde  em pânico,0.3825591579386761
49,A Má Influência na Internet,0.5607846047452999
63,"Desastres ambientais, uma omissão generalizada",0.6243739180613671
51,O analfabetismo funcional uma realidade no Brasil,0.4032580969243833
85,"Acolhimento da População sem Abrigo, um passo para a mudança.*",0.38626147959063883
84,DIREITO DE ESCOLHA,0.4601138362310427
71,liquidez suicida,0.5593854234690604
72,Transmissões viáveis e irredutíveis,0.5026645040665689
52,Gravidez precoce,0.5447616772551696
50,Redação,0.5197584223348026
69,,0.5232646874223711
48,Ineficiência do sistema de saúde pública,0.5907897118802564
76,A equidade e a igualdade de gênero,0.6415228848698774
59,Fome resultado da desigualdade,0.5783036843423317
55,,0.6355602981295255
60,A desvalorização da aposentadoria,0.5760801438744856
44,Anne,0.4263561331230358
47,Os problemas da educação a distância no Brasil,0.6107810470168492
51,O por que do analfabetismo persistir,0.3692443315697222
43,AAAA - Cultura do cancelamento.,0.5832957838511033
47,Tecnonlogia como tabu.,0.4874942878486817
84,Armas,0.6138484769322718
52,Gravidez na adolescência,0.3378596288857052
51,Analfabetismo funcional no brasil,0.5478137611988063
60,,0.619325405086719
43,A cultura do cancelamento nas redes sociais,0.5278520132655122
73,De D. Pedro II à Tv,0.46376207943705683
85,,0.42342610552035465
46,Direito básico,0.6415266833571128
76,,0.5393807567314455
51,A realidade pode ser outra.,0.3933616810656173
70,,0.5276294882810567
46,A desestatização e seus efeitos na sociedade,0.5878385667174629
54,o melhor caminho para um país imunizado,0.5854741303619234
47,educação  é  para todos,0.4773875650996884
82,,0.5725500102414425
51,Consequências do analfabetismo no Brasil,0.5057300435000645
55,,0.6559284394164333
59,Fome,0.543305722240931
47,Os desafios da educação a distância em tempos de pandemia,0.5934851909910699
56,Sistema precário,0.4834953523849757
74,,0.6429814289079404
54,As vacinas e a sociedade,0.6185304728516969
83,um bem para toda a humanidade,0.5312858473907652
68,,0.658594300100421
44,LIBERDADE DE SER,0.3890828547749247
69,Um mal que distroi silenciosamente,0.5636617532653091
81,,0.41977429583111076
58,Consumismo e Meio Ambiente,0.22120912879936214
82,Automedicação,0.599286051675494
45,"Abuso de autoridade, como abordalo.",0.6299159489443121
56,A utopia não é impossível,0.37843133021521136
79,,0.5574421707479683
68,A dimensão do patrimônio histórico no Brasil,0.49321873599430954
55,Aplicação Das Leis em Prol Dos Indígenas,0.48717080882567904
68,Memórias esquecidas,0.6756811094293574
84,A adversidade à paz,0.6283517196759872
78,A mudança sublime,0.6881201530295611
48,SUS,0.5535649225309872
80,Com Igualdade,0.41583872129824545
49,Indústria Cultural,0.6296167047606966
84,O porte de armas pode  gerar conflitos  na sociedade.*,0.5023576488341133
43,A cultura do cancelamento - T,0.43668643785389866
57,Democratização do acesso ao cinema brasileiro,0.6774735230348685
82,,0.3777977834238563
46,Novo marco para o saneamento basico,0.598353743587006
82,AUTOMEDICAÇÃO (K.M),0.6046918313719404
59,A fome e a desigualdade social no Brasil.,0.4788373350157214
56,Sistema carcerário brasileiro,0.41228536093969087
51,Analfabetismo no Brasil,0.4345061089659366
65,Equiparação de direitos,0.5214724598752778
81,,0.7164334365567578
84,A População Civil  e  o uso do  Porte de Armas*,0.48452480751941396
43,Redes sociais e os seus impactos na vida real,0.5224371138768722
71,Suicídio,0.48582748216452615
72,As fake news como um mal,0.4310083849996609
73,,0.5974270688785728
85,,0.3693680508356606
44,"""Let her run""",0.5069697638521841
46,público-privado em prol do básico,0.5604851244772479
52,Informação,0.5695383583656888
47,Desigualdade,0.5769718614138445
58,A floresta amazônica pede socorro,0.5701062713357445
48,o desafio do SUS,0.692417202170548
83,A força do esporte,0.49033952999399383
43,Ostracizados,0.46963715786876714
73,Todo Brasileiro Tem,0.49510805073622854
64,Os problemas causados pela falta da educação sexual e sua importância na sociedade atual,0.5833908691724687
51,Analfabetismo funcional e seus perigos na era da informação.,0.46049091761575045
76,,0.5816222946618935
83,A importância do esporte,0.5741830135460126
72,A Manada,0.4046869292505727
61,Herois em Perigo,0.6463005645354162
73,O atual contexto da população negra no Brasil,0.46332887167452075
46,Sou 1000 acm,0.7386228014462631
52,Crianças que criam crianças,0.4589757540060489
52,Gravidez,0.6503377218746598
43,redes sociais,0.47779517188909343
60,Reforma da Previdência uma solução para o Brasil.,0.4626798060168725
44,"lados opostos, mesmo problema",0.5885187214504262
49,Da Ficção à Realidade,0.5087221569626125
49,A função dos influenciadores no mundo Contemporâneo,0.45368189181114127
